manufacturer,category,screen_size,screen,ram,operating_system,weight,price,width_screen,height_screen,touchscreen,amd,intel,freq_cpu,ssd,hdd,hybrid,flash,brand_gpu
1,4,13.3,7,8,5,1.37,11912523.48,2560,1600,0,0.0,1.0,2.3,128.0,0.0,0.0,0.0,1
1,4,13.3,0,8,5,1.34,7993374.48,1440,900,0,0.0,1.0,1.8,0.0,0.0,0.0,128.0,1
7,3,15.6,2,8,3,1.86,5112900.0,1920,1080,0,0.0,1.0,2.5,256.0,0.0,0.0,0.0,1
1,4,15.4,7,16,5,1.83,22563005.4,2880,1800,0,0.0,1.0,2.7,512.0,0.0,0.0,0.0,0
1,4,13.3,7,8,5,1.37,16037611.2,2560,1600,0,0.0,1.0,3.1,256.0,0.0,0.0,0.0,1
0,3,15.6,0,4,4,2.1,3556800.0,1366,768,0,1.0,0.0,,0.0,500.0,0.0,0.0,0
1,4,15.4,7,16,5,2.04,19028613.24,2880,1800,0,0.0,1.0,2.2,0.0,0.0,0.0,256.0,1
1,4,13.3,0,8,5,1.34,10303160.4,1440,900,0,0.0,1.0,1.8,0.0,0.0,0.0,256.0,1
2,4,14.0,2,16,4,1.3,13293540.0,1920,1080,0,0.0,1.0,1.8,512.0,0.0,0.0,0.0,2
0,4,14.0,5,8,4,1.6,6846840.0,1920,1080,0,0.0,1.0,1.6,256.0,0.0,0.0,0.0,1
7,3,15.6,0,4,3,1.86,3502558.8,1366,768,0,0.0,1.0,2.5,0.0,500.0,0.0,0.0,1
7,3,15.6,2,4,3,1.86,3067651.08,1920,1080,0,0.0,1.0,,0.0,500.0,0.0,0.0,1
1,4,15.4,7,16,5,1.83,21696213.24,2880,1800,0,0.0,1.0,2.8,256.0,0.0,0.0,0.0,0
4,3,15.6,2,4,4,2.2,4436218.8,1920,1080,0,0.0,1.0,,256.0,0.0,0.0,0.0,0
1,4,12.0,7,8,5,0.92,11225260.8,2304,1440,0,0.0,1.0,1.2,256.0,0.0,0.0,0.0,1
1,4,13.3,7,8,5,1.37,13502946.6,2560,1600,0,0.0,1.0,2.3,256.0,0.0,0.0,0.0,1
4,3,15.6,2,8,4,2.2,6624540.0,1920,1080,0,0.0,1.0,2.7,256.0,0.0,0.0,0.0,0
1,4,15.4,7,16,5,1.83,25413336.0,2880,1800,0,0.0,1.0,2.9,512.0,0.0,0.0,0.0,0
10,3,15.6,2,8,3,2.2,4437108.0,1920,1080,0,0.0,1.0,2.4,0.0,1024.0,0.0,0.0,2
4,4,13.3,5,8,4,1.22,8705268.0,1920,1080,0,0.0,1.0,1.6,128.0,0.0,0.0,0.0,1
2,2,11.6,0,2,4,0.98,1706374.8,1366,768,0,0.0,1.0,1.4,0.0,0.0,0.0,32.0,1
10,1,15.6,5,8,4,2.5,8883108.0,1920,1080,0,0.0,1.0,2.5,128.0,1024.0,0.0,0.0,2
7,3,15.6,0,4,3,1.86,2294136.0,1366,768,0,1.0,0.0,1.5,0.0,500.0,0.0,0.0,0
4,0,13.3,2,8,4,1.62,7282548.0,1920,1080,0,0.0,1.0,1.6,256.0,0.0,0.0,0.0,1
7,4,15.6,2,8,4,1.91,5859828.0,1920,1080,0,0.0,1.0,1.8,256.0,0.0,0.0,0.0,1
4,3,15.6,0,4,4,2.3,3722546.88,1366,768,0,0.0,1.0,,0.0,1024.0,0.0,0.0,1
1,4,13.3,0,8,5,1.35,9772308.0,1440,900,0,0.0,1.0,1.6,0.0,0.0,0.0,128.0,1
4,3,15.6,2,8,4,2.2,7113600.0,1920,1080,0,0.0,1.0,1.6,256.0,0.0,0.0,0.0,0
4,4,15.6,2,8,4,1.88,11541816.0,1920,1080,0,0.0,1.0,1.9,512.0,0.0,0.0,0.0,1
7,3,17.3,2,8,4,2.5,7967232.0,1920,1080,0,0.0,1.0,1.6,0.0,1024.0,0.0,0.0,2
3,3,15.6,2,4,4,1.89,2178451.08,1920,1080,0,0.0,1.0,1.4,0.0,0.0,0.0,64.0,1
2,3,14.0,0,2,4,1.65,1769508.0,1366,768,0,1.0,0.0,1.5,0.0,0.0,0.0,32.0,0
7,3,17.3,2,4,4,2.71,3903588.0,1920,1080,0,1.0,0.0,2.5,0.0,500.0,0.0,0.0,0
4,4,13.3,8,16,4,1.2,16619148.0,3200,1800,1,0.0,1.0,1.8,512.0,0.0,0.0,0.0,1
1,4,13.3,0,8,5,1.35,8874216.0,1440,900,0,0.0,1.0,1.6,0.0,0.0,0.0,256.0,1
10,3,14.0,0,4,4,1.44,2214108.0,1366,768,0,0.0,1.0,1.1,0.0,0.0,0.0,64.0,1
0,3,15.6,0,4,2,2.1,3263364.0,1366,768,0,0.0,1.0,2.7,0.0,1024.0,0.0,0.0,1
4,3,17.3,5,8,4,2.8,8705268.0,1920,1080,0,0.0,1.0,1.6,128.0,1024.0,0.0,0.0,0
7,3,15.6,0,4,4,1.86,4345431.48,1366,768,0,0.0,1.0,2.5,0.0,1024.0,0.0,0.0,1
7,3,15.6,2,8,4,2.1,7816068.0,1920,1080,0,0.0,1.0,1.6,256.0,0.0,0.0,0.0,2
2,3,15.6,2,4,2,,3458988.0,1920,1080,0,0.0,1.0,,0.0,1024.0,0.0,0.0,1
4,1,15.6,5,16,4,2.65,13329108.0,1920,1080,0,0.0,1.0,2.8,256.0,1024.0,0.0,0.0,2
2,3,15.6,0,8,2,2.3,4650427.08,1366,768,0,0.0,1.0,2.5,0.0,1024.0,0.0,0.0,2
0,3,15.6,5,4,4,2.2,6064344.0,1920,1080,0,0.0,1.0,1.6,256.0,0.0,0.0,0.0,1
4,0,17.3,2,12,4,2.77,8883108.0,1920,1080,0,0.0,1.0,1.6,0.0,1024.0,0.0,0.0,2
1,4,13.3,7,8,5,1.37,12617748.0,2560,1600,0,0.0,1.0,2.0,256.0,0.0,0.0,0.0,1
10,3,15.6,0,4,3,2.2,3281148.0,1366,768,0,0.0,1.0,,128.0,0.0,0.0,0.0,1
2,1,17.3,2,8,4,3.2,11550708.0,1920,1080,0,1.0,0.0,,256.0,1024.0,0.0,0.0,0
4,3,15.6,2,4,4,2.3,5681988.0,1920,1080,0,0.0,1.0,2.5,256.0,0.0,0.0,0.0,0
2,3,17.3,0,4,4,2.8,4143672.0,1366,768,0,0.0,1.0,1.1,0.0,1024.0,0.0,0.0,2
10,0,10.1,3,4,0,0.69,2836548.0,1920,1200,0,0.0,1.0,1.4,0.0,0.0,0.0,64.0,1
0,3,15.6,5,8,4,2.2,7478172.0,1920,1080,0,0.0,1.0,1.8,256.0,0.0,0.0,0.0,2
7,3,15.6,2,4,4,1.86,3543373.08,1920,1080,0,1.0,0.0,2.5,256.0,0.0,0.0,0.0,0
7,3,13.3,2,8,4,1.49,9807876.0,1920,1080,0,0.0,1.0,1.8,512.0,0.0,0.0,0.0,1
0,3,15.6,0,4,4,2.4,3414528.0,1366,768,0,0.0,1.0,2.4,0.0,1024.0,0.0,0.0,1
4,3,15.6,2,8,4,2.13,6827277.6,1920,1080,0,0.0,1.0,1.8,256.0,0.0,0.0,0.0,0
7,3,15.6,2,4,4,1.91,3903588.0,1920,1080,0,0.0,1.0,,128.0,0.0,0.0,0.0,1
2,3,15.6,0,4,4,,5212401.48,1366,768,0,0.0,1.0,2.5,256.0,0.0,0.0,0.0,1
11,1,17.3,2,16,4,2.43,21776508.0,1920,1080,0,0.0,1.0,2.8,256.0,2048.0,0.0,0.0,2
2,3,15.6,2,4,2,,3690180.0,1920,1080,0,0.0,1.0,,256.0,0.0,0.0,0.0,1
4,3,17.3,2,16,4,2.8,11550708.0,1920,1080,0,0.0,1.0,1.8,256.0,2048.0,0.0,0.0,0
4,4,14.0,2,8,4,1.7,7816068.0,1920,1080,0,0.0,1.0,1.6,256.0,0.0,0.0,0.0,1
10,3,14.0,5,8,3,1.7,5326308.0,1920,1080,0,0.0,1.0,2.7,256.0,0.0,0.0,0.0,1
2,3,14.0,2,8,4,1.4,8367372.0,1920,1080,0,0.0,1.0,1.6,256.0,0.0,0.0,0.0,1
7,3,15.6,2,8,4,1.86,6135480.0,1920,1080,0,0.0,1.0,2.5,256.0,0.0,0.0,0.0,1
2,4,15.6,2,16,4,1.8,17632836.0,1920,1080,0,0.0,1.0,2.8,512.0,0.0,0.0,0.0,2
7,3,15.6,0,4,4,1.86,3900831.48,1366,768,0,0.0,1.0,,0.0,500.0,0.0,0.0,0
7,3,14.0,0,4,4,1.44,2036268.0,1366,768,0,0.0,1.0,1.6,32.0,0.0,0.0,0.0,1
10,3,15.6,2,4,4,1.9,4881708.0,1920,1080,0,0.0,1.0,2.5,0.0,1024.0,0.0,0.0,1
2,1,17.3,2,12,2,,8438508.0,1920,1080,0,0.0,1.0,2.8,0.0,1024.0,0.0,0.0,2
13,4,13.5,0,4,4,1.252,9683388.0,2256,1504,1,0.0,1.0,2.5,128.0,0.0,0.0,0.0,1
4,4,13.3,5,8,4,1.4,8491860.0,1920,1080,0,0.0,1.0,1.8,256.0,0.0,0.0,0.0,0
4,3,15.6,2,8,4,2.2,7736040.0,1920,1080,0,0.0,1.0,1.8,256.0,0.0,0.0,0.0,0
11,1,17.3,2,8,4,2.7,9736740.0,1920,1080,0,0.0,1.0,2.5,128.0,1024.0,0.0,0.0,2
0,3,14.0,0,8,4,2.1,3458988.0,1366,768,0,0.0,1.0,,0.0,1024.0,0.0,0.0,1
2,1,15.6,2,8,4,2.2,8438508.0,1920,1080,0,0.0,1.0,2.8,0.0,1024.0,0.0,0.0,2
10,3,15.6,2,8,3,2.2,4614948.0,1920,1080,0,0.0,1.0,2.5,0.0,2048.0,0.0,0.0,1
4,3,15.6,2,8,4,2.02,7602660.0,1920,1080,0,0.0,1.0,1.8,128.0,1024.0,0.0,0.0,1
0,3,15.6,2,4,4,2.2,4712760.0,1920,1080,0,0.0,1.0,2.7,0.0,1024.0,0.0,0.0,2
7,3,17.3,2,8,4,2.5,8687484.0,1920,1080,0,0.0,1.0,1.6,128.0,1024.0,0.0,0.0,2
4,4,15.6,5,8,4,1.88,9747054.72,1920,1080,0,0.0,1.0,1.6,256.0,0.0,0.0,0.0,1
1,4,12.0,7,8,5,0.92,13426920.0,2304,1440,0,0.0,1.0,1.3,512.0,0.0,0.0,0.0,1
7,3,14.0,2,8,4,1.63,7647120.0,1920,1080,0,0.0,1.0,1.6,256.0,0.0,0.0,0.0,1
10,3,15.6,2,4,4,2.2,3547908.0,1920,1080,0,1.0,0.0,2.5,128.0,0.0,0.0,0.0,0
0,3,15.6,0,4,4,2.1,3512340.0,1366,768,0,1.0,0.0,,0.0,1024.0,0.0,0.0,0
4,1,15.6,5,16,4,2.65,11995308.0,1920,1080,0,0.0,1.0,2.8,128.0,1024.0,0.0,0.0,2
7,4,15.6,5,8,4,1.83,6215508.0,1920,1080,0,0.0,1.0,1.8,256.0,0.0,0.0,0.0,2
7,3,15.6,2,8,4,1.96,5326219.08,1920,1080,0,0.0,1.0,2.5,256.0,0.0,0.0,0.0,1
2,1,15.6,5,16,4,2.2,12884508.0,1920,1080,0,0.0,1.0,2.8,128.0,1024.0,0.0,0.0,2
4,4,13.3,5,8,4,1.21,14662908.0,1920,1080,0,0.0,1.0,1.8,256.0,0.0,0.0,0.0,1
2,1,15.6,2,8,4,2.45,6215508.0,1920,1080,0,1.0,0.0,,0.0,1024.0,0.0,0.0,0
0,3,15.6,2,8,4,2.2,6126588.0,1920,1080,0,0.0,1.0,1.8,0.0,1024.0,0.0,0.0,2
7,3,13.3,2,16,4,1.49,10643724.0,1920,1080,0,0.0,1.0,1.8,512.0,0.0,0.0,0.0,1
4,1,15.6,2,8,4,2.65,10625940.0,1920,1080,0,0.0,1.0,2.5,256.0,0.0,0.0,0.0,2
2,4,14.0,2,8,4,1.25,9327708.0,1920,1080,0,0.0,1.0,2.7,256.0,0.0,0.0,0.0,1
0,0,13.3,5,8,4,1.5,7531524.0,1920,1080,0,0.0,1.0,1.6,256.0,0.0,0.0,0.0,1
4,3,15.6,2,8,2,2.2,5334310.8,1920,1080,0,0.0,1.0,2.7,0.0,1024.0,0.0,0.0,0
4,3,15.6,2,4,2,2.2,4312620.0,1920,1080,0,0.0,1.0,,256.0,0.0,0.0,0.0,0
2,3,15.6,2,6,4,,5130684.0,1920,1080,0,0.0,1.0,2.4,256.0,0.0,0.0,0.0,2
7,1,15.6,5,12,4,2.62,11106108.0,1920,1080,0,0.0,1.0,2.8,128.0,1024.0,0.0,0.0,2
7,3,15.6,2,8,4,1.91,6393348.0,1920,1080,0,0.0,1.0,2.7,256.0,0.0,0.0,0.0,0
7,3,15.6,2,4,4,2.1,3103308.0,1920,1080,0,1.0,0.0,1.5,0.0,500.0,0.0,0.0,0
4,3,15.6,2,8,2,2.2,5753124.0,1920,1080,0,0.0,1.0,1.6,0.0,1024.0,0.0,0.0,0
7,4,13.3,5,8,4,1.38,9950148.0,1920,1080,0,0.0,1.0,2.7,256.0,0.0,0.0,0.0,2
13,4,13.5,0,8,4,1.252,11915280.0,2256,1504,1,0.0,1.0,2.5,256.0,0.0,0.0,0.0,1
7,3,14.0,5,6,4,1.58,5859828.0,1920,1080,0,0.0,1.0,2.5,256.0,0.0,0.0,0.0,2
10,3,15.6,2,4,4,1.85,3689290.8,1920,1080,0,0.0,1.0,,0.0,1024.0,0.0,0.0,1
2,4,14.0,5,8,4,1.3,10608156.0,1920,1080,0,0.0,1.0,2.7,256.0,0.0,0.0,0.0,2
11,1,15.6,2,16,4,2.2,11550708.0,1920,1080,0,0.0,1.0,2.8,256.0,1024.0,0.0,0.0,2
10,3,14.0,5,8,4,1.58,13160160.0,1920,1080,0,0.0,1.0,2.7,256.0,0.0,0.0,0.0,1
2,4,15.6,2,16,4,1.5,11221704.0,1920,1080,0,0.0,1.0,1.8,256.0,1024.0,0.0,0.0,2
4,4,13.3,8,8,4,1.23,12262068.0,3200,1800,0,0.0,1.0,2.4,256.0,0.0,0.0,0.0,1
10,0,13.3,5,8,4,1.37,12439908.0,1920,1080,0,0.0,1.0,2.5,256.0,0.0,0.0,0.0,1
7,3,14.0,3,4,4,1.63,6420024.0,1366,768,0,0.0,1.0,1.6,0.0,500.0,0.0,0.0,1
4,4,13.3,5,8,4,1.21,14485068.0,1920,1080,0,0.0,1.0,1.6,256.0,0.0,0.0,0.0,1
7,0,13.3,5,8,4,1.26,12439819.08,1920,1080,0,0.0,1.0,1.6,256.0,0.0,0.0,0.0,1
7,3,14.0,2,8,4,1.63,9638928.0,1920,1080,0,0.0,1.0,1.8,512.0,0.0,0.0,0.0,1
4,3,15.6,5,8,4,2.16,10050894.36,1920,1080,0,0.0,1.0,1.8,256.0,1024.0,0.0,0.0,2
2,3,17.3,2,4,4,,5015088.0,1920,1080,0,0.0,1.0,,0.0,1024.0,0.0,0.0,2
2,3,15.6,2,8,4,1.7,9941256.0,1920,1080,0,0.0,1.0,1.8,256.0,0.0,0.0,0.0,2
0,3,15.6,5,6,4,2.1,4259268.0,1920,1080,0,0.0,1.0,2.4,0.0,1024.0,0.0,0.0,1
11,1,15.6,2,16,4,1.8,19931418.0,1920,1080,0,0.0,1.0,2.8,256.0,2048.0,0.0,0.0,2
10,3,15.6,2,8,3,2.2,5593068.0,1920,1080,0,0.0,1.0,2.5,256.0,0.0,0.0,0.0,2
7,3,17.3,2,16,4,2.5,11301732.0,1920,1080,0,0.0,1.0,1.8,512.0,0.0,0.0,0.0,2
0,3,15.6,0,4,4,2.1,4010292.0,1366,768,0,1.0,0.0,,256.0,0.0,0.0,0.0,0
7,3,15.6,0,4,3,1.86,2303028.0,1366,768,0,0.0,1.0,1.6,0.0,500.0,0.0,0.0,1
7,3,14.0,2,8,4,1.63,7220304.0,1920,1080,0,0.0,1.0,1.6,0.0,1024.0,0.0,0.0,1
2,3,14.0,0,4,4,1.65,2471887.08,1366,768,0,1.0,0.0,1.5,64.0,0.0,0.0,0.0,0
4,3,17.3,2,16,4,2.8,12413232.0,1920,1080,0,0.0,1.0,1.8,256.0,2048.0,0.0,0.0,0
7,3,17.3,2,8,4,2.5,8251776.0,1920,1080,0,0.0,1.0,1.6,256.0,0.0,0.0,0.0,1
4,3,15.6,0,8,4,2.36,5681899.08,1366,768,0,0.0,1.0,2.5,0.0,1024.0,0.0,0.0,0
4,3,15.6,2,4,4,2.2,3992508.0,1920,1080,0,0.0,1.0,,0.0,1024.0,0.0,0.0,0
0,4,14.0,5,8,4,1.6,7860528.0,1920,1080,0,0.0,1.0,1.8,256.0,0.0,0.0,0.0,1
0,3,15.6,2,4,4,2.2,5086224.0,1920,1080,0,0.0,1.0,2.7,256.0,0.0,0.0,0.0,2
7,3,15.6,0,8,4,2.05,5317416.0,1366,768,0,0.0,1.0,2.7,0.0,1024.0,0.0,0.0,1
7,3,14.0,2,8,4,1.63,8785296.0,1920,1080,0,0.0,1.0,1.8,256.0,0.0,0.0,0.0,1
10,3,15.6,0,4,3,1.9,2243985.12,1366,768,0,0.0,1.0,1.1,0.0,1024.0,0.0,0.0,1
2,1,17.3,2,8,4,,8340696.0,1920,1080,0,0.0,1.0,2.5,128.0,1024.0,0.0,0.0,2
10,3,15.6,2,4,3,2.2,4437108.0,1920,1080,0,0.0,1.0,2.5,0.0,1024.0,0.0,0.0,2
7,3,13.3,5,4,4,1.32,6215508.0,1920,1080,0,0.0,1.0,2.5,256.0,0.0,0.0,0.0,1
0,3,17.3,5,4,4,,5824260.0,1920,1080,0,0.0,1.0,2.7,0.0,1024.0,0.0,0.0,2
10,3,14.0,5,8,4,1.75,9923649.84,1920,1080,0,0.0,1.0,1.6,256.0,0.0,0.0,0.0,0
10,1,15.6,5,8,3,2.4,7727148.0,1920,1080,0,0.0,1.0,2.8,256.0,0.0,0.0,0.0,2
16,3,15.6,0,4,4,2.1,5352984.0,1366,768,0,0.0,1.0,2.3,0.0,500.0,0.0,0.0,1
7,3,15.6,0,4,4,1.86,3281148.0,1366,768,0,1.0,0.0,2.5,256.0,0.0,0.0,0.0,0
2,4,14.0,2,8,4,1.25,9772308.0,1920,1080,0,0.0,1.0,1.8,256.0,0.0,0.0,0.0,1
7,4,12.5,4,8,4,0.97,17908488.0,3840,2160,0,0.0,1.0,1.2,512.0,0.0,0.0,0.0,1
2,3,15.6,2,4,4,,3058848.0,1920,1080,0,0.0,1.0,1.1,0.0,1024.0,0.0,0.0,1
11,1,17.3,2,16,4,2.9,18041868.0,1920,1080,0,0.0,1.0,2.8,256.0,1024.0,0.0,0.0,2
0,3,15.6,0,4,4,2.1,3974724.0,1366,768,0,0.0,1.0,,0.0,1024.0,0.0,0.0,1
4,1,15.6,2,16,4,2.56,11108419.92,1920,1080,0,0.0,1.0,2.8,512.0,0.0,0.0,0.0,2
4,1,15.6,2,8,4,2.62,7993908.0,1920,1080,0,0.0,1.0,2.8,0.0,0.0,1024.0,0.0,2
10,3,15.6,0,4,4,1.9,4428216.0,1366,768,0,0.0,1.0,2.5,128.0,0.0,0.0,0.0,1
11,1,17.3,2,16,4,2.8,16805880.0,1920,1080,0,0.0,1.0,2.8,256.0,1024.0,0.0,0.0,2
7,4,14.0,2,4,4,1.48,9621144.0,1920,1080,0,0.0,1.0,2.7,256.0,0.0,0.0,0.0,1
7,3,15.6,2,6,4,1.91,5504148.0,1920,1080,0,0.0,1.0,1.6,256.0,0.0,0.0,0.0,0
10,0,14.0,5,4,4,1.74,5593068.0,1920,1080,0,0.0,1.0,2.4,256.0,0.0,0.0,0.0,1
2,0,13.3,2,8,4,1.1,11692980.0,1920,1080,0,0.0,1.0,1.6,256.0,0.0,0.0,0.0,1
4,0,15.6,2,8,4,1.56,9327708.0,1920,1080,0,0.0,1.0,1.8,256.0,0.0,0.0,0.0,1
16,3,15.6,0,4,4,2.1,3974724.0,1366,768,0,0.0,1.0,2.2,0.0,500.0,0.0,0.0,1
2,3,15.6,0,4,4,2.03,3583476.0,1366,768,0,1.0,0.0,,0.0,1024.0,0.0,0.0,0
0,3,17.3,5,4,4,,7158060.0,1920,1080,0,0.0,1.0,1.6,256.0,0.0,0.0,0.0,2
4,3,15.6,2,8,4,2.13,6473376.0,1920,1080,0,0.0,1.0,1.6,256.0,0.0,0.0,0.0,0
10,1,15.6,5,16,4,2.5,9594468.0,1920,1080,0,0.0,1.0,2.8,256.0,0.0,0.0,0.0,2
0,3,15.6,0,4,4,2.1,3094416.0,1366,768,0,0.0,1.0,1.1,0.0,1024.0,0.0,0.0,1
11,1,15.6,5,16,4,2.4,15996708.0,1920,1080,0,0.0,1.0,2.8,256.0,1024.0,0.0,0.0,2
0,3,15.6,0,4,4,2.1,3232330.92,1366,768,0,0.0,1.0,1.1,0.0,1024.0,0.0,0.0,1
4,1,15.6,2,8,4,2.56,9429877.08,1920,1080,0,0.0,1.0,2.8,128.0,1024.0,0.0,0.0,2
0,3,17.3,5,8,4,,7593768.0,1920,1080,0,0.0,1.0,1.6,256.0,0.0,0.0,0.0,2
7,3,13.3,5,4,4,1.49,6704568.0,1920,1080,0,0.0,1.0,1.6,0.0,500.0,0.0,0.0,1
8,4,13.0,5,8,4,1.05,11995308.0,2160,1440,0,0.0,1.0,2.5,256.0,0.0,0.0,0.0,1
7,3,17.3,5,6,4,2.71,6215508.0,1920,1080,0,0.0,1.0,2.5,0.0,2048.0,0.0,0.0,0
10,3,15.6,0,4,3,2.2,2747628.0,1366,768,0,1.0,0.0,2.9,0.0,500.0,0.0,0.0,0
16,3,15.6,0,4,4,,4348188.0,1366,768,0,0.0,1.0,2.4,0.0,500.0,0.0,0.0,1
7,3,17.3,2,8,4,2.5,8207316.0,1920,1080,0,0.0,1.0,1.6,256.0,0.0,0.0,0.0,2
4,3,15.6,0,8,4,2.3,4081428.0,1366,768,0,0.0,1.0,2.4,0.0,1024.0,0.0,0.0,1
0,3,15.6,0,4,4,2.1,3992508.0,1366,768,0,0.0,1.0,,128.0,0.0,0.0,0.0,1
11,1,18.4,2,32,4,4.4,24888708.0,1920,1080,0,0.0,1.0,2.9,512.0,1024.0,0.0,0.0,2
10,3,15.6,2,8,4,1.9,7229196.0,1920,1080,0,0.0,1.0,2.5,128.0,1024.0,0.0,0.0,0
7,0,13.3,4,8,4,1.29,13329108.0,3840,2160,0,0.0,1.0,1.6,256.0,0.0,0.0,0.0,1
4,3,15.6,2,16,2,2.02,9327708.0,1920,1080,0,0.0,1.0,1.8,256.0,2048.0,0.0,0.0,0
4,4,13.3,2,8,4,1.23,12439908.0,1920,1080,0,0.0,1.0,1.6,256.0,0.0,0.0,0.0,1
10,0,13.9,4,16,4,1.4,16441308.0,3840,2160,0,0.0,1.0,1.8,512.0,0.0,0.0,0.0,1
16,3,15.6,0,8,4,2.0,7051356.0,1366,768,0,0.0,1.0,2.5,128.0,0.0,0.0,0.0,1
18,3,15.6,5,8,3,1.95,10661508.0,1920,1080,0,0.0,1.0,1.6,256.0,0.0,0.0,0.0,2
4,3,17.3,2,16,4,2.77,13773708.0,1920,1080,0,0.0,1.0,1.8,512.0,0.0,0.0,0.0,2
4,3,15.6,1,16,4,2.06,21314124.0,3840,2160,0,0.0,1.0,2.8,512.0,0.0,0.0,0.0,2
10,1,15.6,5,8,3,2.4,6926868.0,1920,1080,0,0.0,1.0,2.5,256.0,0.0,0.0,0.0,2
0,4,13.3,5,8,4,1.12,8794188.0,1920,1080,0,0.0,1.0,1.2,256.0,0.0,0.0,0.0,1
4,3,17.3,2,8,4,2.8,9647820.0,1920,1080,0,0.0,1.0,1.8,128.0,1024.0,0.0,0.0,0
10,0,14.0,0,16,4,1.42,25111008.0,2560,1440,1,0.0,1.0,2.7,1024.0,0.0,0.0,0.0,1
17,3,14.0,5,4,4,1.3,2311920.0,1920,1080,0,0.0,1.0,1.1,0.0,0.0,0.0,32.0,1
18,4,13.3,5,8,3,1.3,8891110.8,1920,1080,0,0.0,1.0,2.5,256.0,0.0,0.0,0.0,2
10,3,17.3,0,8,3,2.8,6206616.0,1600,900,0,0.0,1.0,1.6,256.0,0.0,0.0,0.0,2
4,0,13.3,5,8,4,1.62,7460388.0,1920,1080,0,0.0,1.0,1.8,0.0,1024.0,0.0,0.0,1
7,3,17.3,5,8,4,2.5,8127288.0,1920,1080,0,0.0,1.0,1.6,0.0,1024.0,0.0,0.0,2
7,3,13.3,2,8,4,1.49,8527428.0,1920,1080,0,0.0,1.0,1.6,512.0,0.0,0.0,0.0,1
7,1,17.3,5,16,4,3.35,12262068.0,1920,1080,0,0.0,1.0,2.8,256.0,1024.0,0.0,0.0,2
7,3,17.3,2,8,4,2.5,9292140.0,1920,1080,0,0.0,1.0,1.8,256.0,0.0,0.0,0.0,2
4,1,15.6,4,16,4,2.65,16405740.0,3840,2160,0,0.0,1.0,2.8,512.0,1024.0,0.0,0.0,2
10,3,15.6,0,4,4,2.1,4383756.0,1366,768,0,0.0,1.0,2.3,128.0,0.0,0.0,0.0,1
0,3,15.6,2,8,4,2.23,6597864.0,1920,1080,0,0.0,1.0,2.7,0.0,1024.0,0.0,0.0,2
10,1,15.6,5,16,4,3.2,15552108.0,1920,1080,0,0.0,1.0,2.8,512.0,1024.0,0.0,0.0,2
4,5,15.6,1,16,4,2.8,27165060.0,3840,2160,0,0.0,1.0,,256.0,1024.0,0.0,0.0,2
10,1,15.6,2,16,3,2.4,12431016.0,1920,1080,0,0.0,1.0,2.8,512.0,0.0,0.0,0.0,2
4,3,15.6,0,6,4,2.3,3903588.0,1366,768,1,0.0,1.0,2.4,0.0,1024.0,0.0,0.0,1
4,4,13.3,4,8,4,1.21,17330508.0,3840,2160,0,0.0,1.0,1.8,256.0,0.0,0.0,0.0,1
4,4,13.3,2,8,4,1.2,12884508.0,1920,1080,0,0.0,1.0,1.8,256.0,0.0,0.0,0.0,1
10,3,15.6,0,8,4,2.2,5308524.0,1366,768,0,0.0,1.0,2.5,256.0,0.0,0.0,0.0,1
0,3,15.6,2,8,2,2.4,6926868.0,1920,1080,0,0.0,1.0,2.8,0.0,1024.0,0.0,0.0,2
2,1,17.3,2,16,4,2.9,12511044.0,1920,1080,0,0.0,1.0,2.8,256.0,1024.0,0.0,0.0,2
7,3,15.6,2,4,3,2.1,3103308.0,1920,1080,0,0.0,1.0,,0.0,500.0,0.0,0.0,1
10,3,15.6,2,8,3,2.2,4881708.0,1920,1080,0,0.0,1.0,2.5,256.0,0.0,0.0,0.0,1
8,4,13.0,5,8,4,1.05,13329108.0,2160,1440,0,0.0,1.0,2.7,512.0,0.0,0.0,0.0,1
4,4,13.3,5,8,4,1.4,8286276.96,1920,1080,0,0.0,1.0,1.8,256.0,0.0,0.0,0.0,0
10,3,17.3,0,8,3,2.8,5237388.0,1600,900,0,0.0,1.0,2.5,0.0,1024.0,0.0,0.0,2
7,3,14.0,2,8,4,1.63,9167652.0,1920,1080,0,0.0,1.0,1.8,256.0,0.0,0.0,0.0,2
4,4,14.0,2,8,4,1.6,10216908.0,1920,1080,0,0.0,1.0,1.6,256.0,0.0,0.0,0.0,1
4,0,13.3,2,16,4,1.62,11372868.0,1920,1080,0,0.0,1.0,1.8,512.0,0.0,0.0,0.0,1
4,3,15.6,2,8,2,2.2,6022996.2,1920,1080,0,0.0,1.0,1.6,256.0,0.0,0.0,0.0,0
10,0,14.0,5,8,4,1.74,7993908.0,1920,1080,0,0.0,1.0,1.6,256.0,0.0,0.0,0.0,1
16,4,13.3,2,8,4,1.2,12119796.0,1920,1080,0,0.0,1.0,2.5,256.0,0.0,0.0,0.0,1
7,3,15.6,2,8,4,2.1,7060248.0,1920,1080,0,0.0,1.0,1.6,0.0,1024.0,0.0,0.0,1
4,1,17.3,5,16,4,4.42,21841775.28,1920,1080,0,0.0,1.0,2.8,256.0,1024.0,0.0,0.0,2
0,3,15.6,2,8,4,2.2,7398144.0,1920,1080,0,0.0,1.0,2.7,256.0,0.0,0.0,0.0,2
4,3,15.6,2,16,4,2.3,7638316.92,1920,1080,0,0.0,1.0,2.7,0.0,1024.0,0.0,0.0,0
2,3,15.6,2,8,4,,6837948.0,1920,1080,0,0.0,1.0,2.5,256.0,0.0,0.0,0.0,2
2,3,17.3,2,8,4,2.69,7922772.0,1920,1080,0,0.0,1.0,2.5,256.0,500.0,0.0,0.0,2
7,3,15.6,2,8,4,1.9,11283948.0,1920,1080,0,0.0,1.0,2.7,0.0,1024.0,0.0,0.0,0
2,3,15.6,0,4,4,2.37,3547819.08,1366,768,0,1.0,0.0,2.4,0.0,1024.0,0.0,0.0,1
7,3,15.6,0,4,4,2.1,2934360.0,1366,768,0,0.0,1.0,1.5,0.0,500.0,0.0,0.0,0
10,1,15.6,5,16,4,3.2,13329108.0,1920,1080,0,0.0,1.0,2.8,256.0,1024.0,0.0,0.0,2
4,3,14.0,2,8,4,1.6,7638228.0,1920,1080,0,0.0,1.0,2.5,256.0,0.0,0.0,0.0,1
0,0,13.3,5,8,4,1.6,6126588.0,1920,1080,0,0.0,1.0,2.3,256.0,0.0,0.0,0.0,1
4,3,15.6,2,16,2,2.36,7993908.0,1920,1080,0,0.0,1.0,2.7,256.0,0.0,0.0,0.0,0
0,3,15.6,0,4,2,2.1,3467880.0,1366,768,0,1.0,0.0,,0.0,1024.0,0.0,0.0,1
2,3,15.6,2,4,4,2.2,5112900.0,1920,1080,0,0.0,1.0,2.5,128.0,1024.0,0.0,0.0,0
2,1,17.3,2,32,4,4.7,34589880.0,1920,1080,0,0.0,1.0,2.9,512.0,1024.0,0.0,0.0,2
0,1,15.6,5,8,4,2.5,7522632.0,1920,1080,0,0.0,1.0,2.5,256.0,0.0,0.0,0.0,2
10,3,15.6,0,8,4,2.2,5237388.0,1366,768,0,0.0,1.0,,128.0,0.0,0.0,0.0,1
2,3,17.3,2,8,4,2.1,10181340.0,1920,1080,0,0.0,1.0,1.8,128.0,1024.0,0.0,0.0,2
2,3,17.3,2,8,3,2.69,7904988.0,1920,1080,0,0.0,1.0,2.7,128.0,1024.0,0.0,0.0,2
4,1,15.6,2,8,4,2.56,7816068.0,1920,1080,0,0.0,1.0,2.5,256.0,0.0,0.0,0.0,2
10,0,13.9,5,8,4,1.38,9594468.0,1920,1080,0,0.0,1.0,2.7,256.0,0.0,0.0,0.0,1
4,3,15.6,2,8,4,2.2,8758620.0,1920,1080,0,0.0,1.0,1.8,128.0,2048.0,0.0,0.0,0
7,3,15.6,0,8,4,2.04,4970628.0,1366,768,1,0.0,1.0,2.5,0.0,1024.0,0.0,0.0,1
2,1,17.3,2,16,4,3.6,26667108.0,1920,1080,0,0.0,1.0,2.9,256.0,0.0,0.0,0.0,2
7,3,13.3,5,4,4,1.49,6002100.0,1920,1080,0,0.0,1.0,1.6,0.0,500.0,0.0,0.0,1
1,4,13.3,7,8,5,1.37,18139680.0,2560,1600,0,0.0,1.0,3.1,512.0,0.0,0.0,0.0,1
4,0,15.6,5,8,4,2.08,7282548.0,1920,1080,0,0.0,1.0,1.8,0.0,1024.0,0.0,0.0,1
2,1,17.3,2,16,4,4.3,15996708.0,1920,1080,0,1.0,0.0,2.8,256.0,1024.0,0.0,0.0,2
2,3,15.6,0,4,4,1.68,4170348.0,1366,768,0,0.0,1.0,,0.0,1024.0,0.0,0.0,0
10,0,13.9,5,8,4,1.37,16441308.0,1920,1080,0,0.0,1.0,1.8,512.0,0.0,0.0,0.0,1
0,3,17.3,5,4,4,,6242184.0,1920,1080,0,0.0,1.0,2.7,256.0,0.0,0.0,0.0,2
4,4,13.3,2,8,4,1.41,8438508.0,1920,1080,0,1.0,0.0,1.6,256.0,0.0,0.0,0.0,1
7,3,15.6,0,8,4,1.91,3964942.8,1366,768,0,0.0,1.0,2.5,128.0,0.0,0.0,0.0,0
7,3,17.3,5,16,4,2.9,9416628.0,1920,1080,0,0.0,1.0,1.8,0.0,1024.0,0.0,0.0,2
11,1,17.3,2,16,4,4.14,22221108.0,1920,1080,0,0.0,1.0,2.8,512.0,1024.0,0.0,0.0,2
10,0,15.6,5,8,4,,15107508.0,1920,1080,0,0.0,1.0,2.8,512.0,0.0,0.0,0.0,2
4,3,17.3,2,8,4,2.8,10154664.0,1920,1080,0,0.0,1.0,1.8,128.0,1024.0,0.0,0.0,0
10,3,15.6,2,4,3,2.2,3948048.0,1920,1080,0,0.0,1.0,,256.0,0.0,0.0,0.0,1
7,3,15.6,5,4,4,2.1,6420024.0,1920,1080,0,0.0,1.0,1.6,0.0,500.0,0.0,0.0,1
4,3,15.6,2,4,4,2.18,5842044.0,1920,1080,0,0.0,1.0,2.5,0.0,1024.0,0.0,0.0,1
4,3,15.6,2,8,4,2.24,5023980.0,1920,1080,0,0.0,1.0,2.5,0.0,1024.0,0.0,0.0,0
4,0,15.6,2,8,4,2.67,7104708.0,1920,1080,0,0.0,1.0,1.6,256.0,0.0,0.0,0.0,1
2,0,13.3,2,8,4,1.1,13329108.0,1920,1080,0,0.0,1.0,1.8,1024.0,0.0,0.0,0.0,1
10,3,15.6,2,4,3,2.2,4152564.0,1920,1080,0,0.0,1.0,2.5,0.0,1024.0,0.0,0.0,1
7,3,17.3,2,8,4,2.5,9052056.0,1920,1080,0,0.0,1.0,1.8,0.0,1024.0,0.0,0.0,2
10,3,15.6,2,8,4,2.05,7824960.0,1920,1080,0,0.0,1.0,1.8,256.0,0.0,0.0,0.0,1
1,4,13.3,7,8,5,1.37,17418538.8,2560,1600,0,1.0,0.0,2.9,512.0,0.0,0.0,0.0,1
2,1,17.3,2,16,4,3.2,13773708.0,1920,1080,0,0.0,1.0,,256.0,1024.0,0.0,0.0,0
4,3,15.6,2,8,2,2.14,6536242.44,1920,1080,0,0.0,1.0,1.8,256.0,0.0,0.0,0.0,0
10,0,14.0,0,16,4,1.36,22221108.0,2560,1440,1,0.0,1.0,2.6,512.0,0.0,0.0,0.0,1
16,3,15.6,0,8,4,2.2,7220304.0,1366,768,0,0.0,1.0,2.5,0.0,500.0,0.0,0.0,2
4,3,15.6,0,12,4,2.3,6340618.44,1366,768,0,0.0,1.0,2.7,0.0,1024.0,0.0,0.0,1
4,3,17.3,2,8,2,2.8,9772308.0,1920,1080,0,0.0,1.0,1.8,128.0,1024.0,0.0,0.0,0
0,3,15.6,5,8,4,2.2,6624540.0,1920,1080,0,0.0,1.0,1.8,0.0,1024.0,0.0,0.0,2
10,3,17.3,0,4,4,2.8,4348188.0,1600,900,0,0.0,1.0,,0.0,1024.0,0.0,0.0,1
10,3,17.3,2,8,3,2.8,7549308.0,1920,1080,0,0.0,1.0,1.8,0.0,2048.0,0.0,0.0,2
10,3,17.3,0,6,4,2.8,7638228.0,1600,900,0,0.0,1.0,2.7,128.0,1024.0,0.0,0.0,2
4,3,15.6,2,4,2,2.25,3805776.0,1920,1080,0,0.0,1.0,2.0,0.0,1024.0,0.0,0.0,0
10,1,15.6,5,8,4,2.5,7371468.0,1920,1080,0,0.0,1.0,2.5,256.0,0.0,0.0,0.0,2
10,3,15.6,2,6,4,2.2,5148468.0,1920,1080,0,0.0,1.0,2.5,256.0,0.0,0.0,0.0,1
0,3,15.6,5,8,4,,8456292.0,1920,1080,0,0.0,1.0,1.8,256.0,0.0,0.0,0.0,2
0,3,15.6,5,12,4,2.15,5859828.0,1920,1080,0,0.0,1.0,2.7,0.0,1024.0,0.0,0.0,1
10,3,15.6,5,8,4,1.95,9754524.0,1920,1080,0,0.0,1.0,2.7,256.0,0.0,0.0,0.0,1
2,4,15.6,2,8,4,1.7,8687484.0,1920,1080,0,0.0,1.0,2.5,256.0,0.0,0.0,0.0,2
10,1,15.6,5,16,4,2.5,10483668.0,1920,1080,0,0.0,1.0,2.8,256.0,1024.0,0.0,0.0,2
10,3,15.6,2,8,3,2.2,5859916.92,1920,1080,0,0.0,1.0,2.7,0.0,1024.0,0.0,0.0,2
0,3,15.6,0,2,1,2.19,1769508.0,1366,768,0,0.0,1.0,1.5,16.0,0.0,0.0,0.0,1
2,1,17.3,2,8,4,,10554804.0,1920,1080,0,0.0,1.0,2.8,0.0,1024.0,0.0,0.0,2
7,3,17.3,0,8,4,2.54,4348188.0,1600,900,0,0.0,1.0,,0.0,1024.0,0.0,0.0,1
4,3,15.6,2,8,4,,16263468.0,1920,1080,0,0.0,1.0,2.8,256.0,0.0,0.0,0.0,2
10,3,15.6,2,8,4,2.05,6571188.0,1920,1080,0,0.0,1.0,1.6,256.0,0.0,0.0,0.0,1
10,1,15.6,5,8,4,3.2,11550708.0,1920,1080,0,0.0,1.0,2.8,0.0,1024.0,0.0,0.0,2
0,3,15.6,2,8,2,2.5,8705268.0,1920,1080,0,0.0,1.0,2.8,256.0,0.0,0.0,0.0,2
4,5,17.3,2,16,4,3.42,25652175.12,1920,1080,0,1.0,0.0,2.9,256.0,0.0,0.0,0.0,2
10,3,15.6,2,6,4,2.4,4437108.0,1920,1080,0,0.0,1.0,2.4,0.0,1024.0,0.0,0.0,0
2,4,15.6,2,16,4,1.63,13053456.0,1920,1080,0,0.0,1.0,2.7,512.0,0.0,0.0,0.0,2
2,3,14.0,0,4,4,1.3,4526028.0,1366,768,0,0.0,1.0,2.4,128.0,0.0,0.0,0.0,1
2,1,17.3,2,16,4,2.9,18868824.0,1920,1080,0,0.0,1.0,2.8,256.0,1024.0,0.0,0.0,2
10,3,17.3,0,6,4,2.8,5770908.0,1600,900,0,0.0,1.0,2.5,0.0,1024.0,0.0,0.0,2
10,3,15.6,0,8,3,2.2,4881708.0,1366,768,0,0.0,1.0,2.5,0.0,2048.0,0.0,0.0,2
2,1,15.6,2,8,4,2.5,11248380.0,1920,1080,0,0.0,1.0,2.8,128.0,1024.0,0.0,0.0,2
10,3,15.6,0,4,3,2.2,3201031.08,1366,768,0,0.0,1.0,1.1,0.0,1024.0,0.0,0.0,1
7,0,13.3,2,16,4,1.28,17561700.0,1920,1080,0,0.0,1.0,2.8,256.0,0.0,0.0,0.0,1
16,3,15.6,5,8,4,2.2,9274356.0,1920,1080,0,0.0,1.0,2.5,256.0,0.0,0.0,0.0,2
10,3,15.6,2,8,4,2.3,7282548.0,1920,1080,0,0.0,1.0,2.5,128.0,1024.0,0.0,0.0,2
7,3,15.6,2,4,4,1.86,4170348.0,1920,1080,0,0.0,1.0,,0.0,1024.0,0.0,0.0,1
10,3,13.3,5,8,4,1.1,8883108.0,1920,1080,0,0.0,1.0,2.5,256.0,0.0,0.0,0.0,1
4,4,13.3,4,16,4,1.21,22221108.0,3840,2160,0,0.0,1.0,1.8,1024.0,0.0,0.0,0.0,1
11,1,15.6,5,16,4,2.8,18664308.0,1920,1080,0,1.0,0.0,2.8,256.0,1024.0,0.0,0.0,2
0,3,15.6,2,8,4,2.23,4170348.0,1920,1080,0,0.0,1.0,2.2,256.0,0.0,0.0,0.0,0
2,0,11.6,0,2,4,1.1,2445300.0,1366,768,1,0.0,1.0,1.1,0.0,0.0,0.0,32.0,1
4,3,15.6,2,8,4,2.33,7504848.0,1920,1080,0,0.0,1.0,1.6,128.0,1024.0,0.0,0.0,0
7,0,13.3,4,16,4,1.29,21776508.0,3840,2160,0,0.0,1.0,1.8,1024.0,0.0,0.0,0.0,1
10,3,13.3,0,4,1,1.45,4089430.8,1366,768,0,0.0,1.0,1.6,0.0,0.0,0.0,16.0,1
7,3,14.0,2,8,4,1.95,8714160.0,1920,1080,0,0.0,1.0,2.5,256.0,0.0,0.0,0.0,1
0,3,11.6,0,4,4,1.4,4312620.0,1366,768,0,0.0,1.0,1.6,0.0,0.0,0.0,128.0,1
7,3,14.0,2,8,4,1.48,11488464.0,1920,1080,0,0.0,1.0,2.7,256.0,0.0,0.0,0.0,1
10,3,17.3,0,4,4,2.79,5237388.0,1600,900,0,0.0,1.0,2.5,0.0,1024.0,0.0,0.0,2
2,3,14.0,2,8,4,,9727848.0,1920,1080,0,0.0,1.0,2.7,256.0,0.0,0.0,0.0,1
7,3,15.6,5,8,4,2.1,8020584.0,1366,768,0,1.0,0.0,1.8,0.0,1024.0,0.0,0.0,1
0,3,15.6,0,8,4,2.2,5859828.0,1366,768,0,0.0,1.0,2.7,256.0,0.0,0.0,0.0,0
10,3,14.0,0,4,4,1.44,2596464.0,1366,768,0,0.0,1.0,1.1,0.0,0.0,0.0,32.0,1
0,3,15.6,0,6,4,2.23,4881708.0,1366,768,0,0.0,1.0,2.5,0.0,1024.0,0.0,0.0,1
2,4,15.6,2,8,4,1.7,9335710.8,1920,1080,0,0.0,1.0,2.7,256.0,0.0,0.0,0.0,2
7,4,12.5,2,8,4,1.26,11870820.0,1920,1080,0,0.0,1.0,2.7,256.0,0.0,0.0,0.0,1
4,3,15.6,1,32,4,2.06,23465988.0,3840,2160,0,0.0,1.0,2.8,1024.0,0.0,0.0,0.0,2
11,1,17.3,2,8,4,2.7,10661508.0,1920,1080,0,0.0,1.0,2.8,256.0,1024.0,0.0,0.0,2
16,3,15.6,5,8,4,2.0,8385156.0,1920,1080,0,0.0,1.0,2.5,256.0,0.0,0.0,0.0,1
2,3,14.0,2,8,4,,11861928.0,1920,1080,0,0.0,1.0,2.7,256.0,1024.0,0.0,0.0,1
10,3,15.6,2,4,4,1.85,3992508.0,1920,1080,0,0.0,1.0,,0.0,1024.0,0.0,0.0,1
2,1,15.6,2,8,4,2.5,8883108.0,1920,1080,0,0.0,1.0,2.8,256.0,0.0,0.0,0.0,2
7,3,14.0,2,8,4,1.48,11275056.0,1920,1080,0,0.0,1.0,2.6,256.0,0.0,0.0,0.0,1
4,4,15.6,5,8,4,1.9,9327708.0,1920,1080,0,0.0,1.0,1.6,128.0,1024.0,0.0,0.0,2
7,3,15.6,2,8,4,1.84,10172448.0,1920,1080,0,0.0,1.0,2.5,256.0,0.0,0.0,0.0,1
2,3,15.6,0,4,2,,2445211.08,1366,768,0,0.0,1.0,1.1,0.0,1024.0,0.0,0.0,1
4,3,15.6,2,8,4,,10161333.0,1920,1080,0,0.0,1.0,1.6,256.0,0.0,0.0,0.0,2
4,3,15.6,0,4,2,2.2,2444410.8,1366,768,0,1.0,0.0,1.6,0.0,500.0,0.0,0.0,1
10,3,15.6,2,12,4,2.2,7993908.0,1920,1080,0,0.0,1.0,3.6,0.0,2048.0,0.0,0.0,0
7,3,15.6,5,8,4,2.1,6366672.0,1920,1080,0,0.0,1.0,2.4,0.0,1024.0,0.0,0.0,2
10,0,13.9,4,16,4,1.4,18664308.0,3840,2160,0,0.0,1.0,1.8,512.0,0.0,0.0,0.0,1
4,4,13.3,2,8,4,1.2,14040468.0,1920,1080,0,0.0,1.0,1.8,256.0,0.0,0.0,0.0,1
10,1,15.6,5,16,4,2.4,10039068.0,1920,1080,0,0.0,1.0,2.8,256.0,2048.0,0.0,0.0,2
7,3,14.0,0,2,4,1.44,2480868.0,1366,768,0,0.0,1.0,1.6,0.0,0.0,0.0,32.0,1
4,4,15.6,2,16,4,1.88,14297980.32,1920,1080,0,0.0,1.0,1.9,768.0,0.0,0.0,0.0,1
2,0,11.6,0,4,4,1.5,3334500.0,1366,768,1,0.0,1.0,1.1,0.0,0.0,0.0,32.0,1
4,4,15.6,2,8,4,1.9,5895396.0,1920,1080,0,0.0,1.0,1.6,0.0,1024.0,0.0,0.0,0
4,3,15.6,1,16,4,2.06,18027818.64,3840,2160,0,0.0,1.0,2.8,512.0,0.0,0.0,0.0,2
7,3,15.6,2,8,4,1.84,11595168.0,1920,1080,0,0.0,1.0,2.7,256.0,0.0,0.0,0.0,1
11,1,17.3,2,8,4,2.7,12528828.0,1920,1080,0,0.0,1.0,2.8,128.0,1024.0,0.0,0.0,2
7,5,15.6,2,8,4,2.6,15456696.84,1920,1080,0,0.0,1.0,2.8,256.0,0.0,0.0,0.0,2
16,3,15.6,5,16,4,2.4,12475476.0,1920,1080,0,0.0,1.0,2.5,512.0,0.0,0.0,0.0,2
4,3,15.6,2,8,4,2.02,8633242.8,1920,1080,0,0.0,1.0,1.8,128.0,2048.0,0.0,0.0,0
10,3,15.6,0,4,3,2.2,2863135.08,1366,768,0,0.0,1.0,1.1,0.0,1024.0,0.0,0.0,1
4,1,15.6,2,8,4,2.65,8883108.0,1920,1080,0,0.0,1.0,2.5,0.0,1024.0,0.0,0.0,2
4,3,15.6,0,8,4,2.36,4956134.04,1366,768,1,0.0,1.0,2.5,0.0,2048.0,0.0,0.0,1
4,3,14.0,2,8,4,1.36,12688884.0,1920,1080,0,0.0,1.0,2.6,256.0,0.0,0.0,0.0,1
7,3,15.6,0,4,4,1.86,3903588.0,1366,768,0,0.0,1.0,,0.0,500.0,0.0,0.0,1
2,3,14.0,2,8,4,,8402940.0,1920,1080,0,0.0,1.0,2.5,256.0,0.0,0.0,0.0,1
10,3,17.3,0,6,4,2.8,6393348.0,1600,900,0,0.0,1.0,2.5,128.0,1024.0,0.0,0.0,2
7,3,15.6,2,8,4,1.86,5681988.0,1920,1080,0,0.0,1.0,2.5,0.0,1024.0,0.0,0.0,1
10,3,15.6,0,8,3,2.2,4437108.0,1366,768,0,0.0,1.0,,256.0,0.0,0.0,0.0,2
7,3,15.6,0,8,4,2.04,3458988.0,1366,768,0,0.0,1.0,1.6,0.0,2048.0,0.0,0.0,1
4,3,17.3,2,8,4,2.8,9647820.0,1920,1080,0,0.0,1.0,1.6,128.0,1024.0,0.0,0.0,0
10,1,15.6,5,8,3,2.4,7193628.0,1920,1080,0,0.0,1.0,2.5,128.0,1024.0,0.0,0.0,2
4,3,15.6,2,8,4,2.33,7993908.0,1920,1080,0,0.0,1.0,2.7,256.0,0.0,0.0,0.0,0
7,4,14.0,5,8,4,1.36,15561000.0,1920,1080,0,0.0,1.0,2.7,256.0,0.0,0.0,0.0,1
2,0,15.6,2,12,4,2.26,9772308.0,1920,1080,0,1.0,0.0,2.7,512.0,2048.0,0.0,0.0,2
0,3,15.6,0,4,4,2.1,3787992.0,1366,768,0,1.0,0.0,,128.0,0.0,0.0,0.0,0
2,1,17.3,5,16,4,3.25,19553508.0,1920,1080,0,1.0,0.0,,256.0,1024.0,0.0,0.0,0
10,3,17.3,0,4,4,2.6,4348188.0,1600,900,0,0.0,1.0,2.2,128.0,0.0,0.0,0.0,0
4,0,13.3,2,8,4,1.62,7727236.92,1920,1080,0,1.0,0.0,1.8,256.0,0.0,0.0,0.0,1
7,3,15.6,2,4,4,1.91,4348099.08,1920,1080,0,0.0,1.0,,256.0,0.0,0.0,0.0,0
10,2,11.6,3,4,4,1.59,4917276.0,1366,768,0,0.0,1.0,1.1,128.0,0.0,0.0,0.0,1
4,3,15.6,0,4,4,1.8,2747628.0,1366,768,0,0.0,1.0,1.6,0.0,500.0,0.0,0.0,1
2,3,14.0,0,4,4,1.5,2543112.0,1366,768,0,0.0,1.0,1.1,0.0,0.0,0.0,32.0,1
0,3,15.6,2,8,2,2.4,7522632.0,1920,1080,0,0.0,1.0,2.8,0.0,1024.0,0.0,0.0,2
7,1,17.3,5,8,4,3.35,10590372.0,1920,1080,0,0.0,1.0,2.8,128.0,1024.0,0.0,0.0,2
10,3,15.6,2,4,3,1.85,3587922.0,1920,1080,0,0.0,1.0,,128.0,0.0,0.0,0.0,1
2,1,15.6,5,8,4,2.3,14716260.0,1920,1080,0,0.0,1.0,2.8,128.0,1024.0,0.0,0.0,2
10,3,14.0,5,8,4,1.5,9772308.0,1920,1080,0,0.0,1.0,2.5,256.0,0.0,0.0,0.0,2
2,4,13.3,2,16,4,1.1,15551218.8,1920,1080,0,0.0,1.0,2.7,512.0,0.0,0.0,0.0,1
10,4,14.0,3,8,4,1.13,20291544.0,2560,1440,0,0.0,1.0,2.7,512.0,0.0,0.0,0.0,1
10,3,13.3,5,4,4,1.5,4881708.0,1920,1080,0,0.0,1.0,2.4,128.0,0.0,0.0,0.0,1
4,5,15.6,2,8,4,2.23,12173148.0,1920,1080,0,0.0,1.0,2.6,0.0,500.0,0.0,0.0,0
4,5,15.6,5,8,4,,18984420.0,1920,1080,0,0.0,1.0,2.7,256.0,0.0,0.0,0.0,2
10,0,14.0,0,16,4,1.42,22310028.0,2560,1440,1,0.0,1.0,2.7,512.0,0.0,0.0,0.0,1
2,1,17.3,2,8,4,,9238788.0,1920,1080,0,0.0,1.0,2.8,0.0,1024.0,0.0,0.0,2
2,1,17.3,2,16,4,,14147172.0,1920,1080,0,0.0,1.0,2.8,256.0,1024.0,0.0,0.0,2
0,3,15.6,3,12,4,2.2,6170959.08,1366,768,0,0.0,1.0,1.6,0.0,1024.0,0.0,0.0,2
11,1,17.3,2,8,4,2.7,11995308.0,1920,1080,0,0.0,1.0,2.8,256.0,0.0,0.0,0.0,2
4,3,15.6,2,8,2,2.33,6925712.04,1920,1080,0,1.0,0.0,2.7,256.0,0.0,0.0,0.0,0
7,4,15.6,2,4,4,1.91,4437108.0,1920,1080,0,0.0,1.0,,256.0,0.0,0.0,0.0,0
10,3,15.6,5,8,4,2.1,10933247.52,1920,1080,0,0.0,1.0,1.8,256.0,0.0,0.0,0.0,0
10,3,14.0,5,8,4,1.9,8340696.0,1920,1080,0,0.0,1.0,2.5,256.0,0.0,0.0,0.0,1
4,5,15.6,1,8,4,1.78,24115104.0,3840,2160,0,0.0,1.0,2.8,256.0,0.0,0.0,0.0,2
10,4,14.0,3,16,4,1.13,23341500.0,2560,1440,0,0.0,1.0,2.7,1024.0,0.0,0.0,0.0,1
10,3,15.6,0,4,4,2.2,2720952.0,1366,768,0,0.0,1.0,1.1,0.0,1024.0,0.0,0.0,1
2,1,17.3,2,16,4,2.9,13595868.0,1920,1080,0,0.0,1.0,2.8,256.0,1024.0,0.0,0.0,2
10,3,15.6,5,8,4,2.1,10176894.0,1920,1080,0,0.0,1.0,1.6,256.0,1024.0,0.0,0.0,0
0,3,15.6,2,8,2,2.5,7816068.0,1920,1080,0,0.0,1.0,2.8,256.0,0.0,0.0,0.0,2
11,1,17.3,2,16,4,2.8,19998108.0,1920,1080,0,0.0,1.0,2.8,256.0,1024.0,0.0,0.0,2
2,4,14.0,2,8,4,1.1,16654716.0,1920,1080,0,0.0,1.0,2.7,512.0,0.0,0.0,0.0,1
16,4,13.3,2,16,4,1.2,15534324.0,1920,1080,0,0.0,1.0,2.5,512.0,0.0,0.0,0.0,1
4,4,14.0,2,8,4,1.36,14938560.0,1920,1080,0,0.0,1.0,2.8,512.0,0.0,0.0,0.0,1
10,3,15.6,2,4,4,2.2,3636828.0,1920,1080,0,0.0,1.0,,0.0,500.0,0.0,0.0,1
10,3,11.6,0,2,4,1.15,2707169.4,1366,768,0,0.0,1.0,1.1,0.0,0.0,0.0,32.0,1
10,5,15.6,2,8,4,2.67,17117100.0,1920,1080,0,0.0,1.0,2.8,512.0,0.0,0.0,0.0,2
10,4,14.0,5,8,4,1.7,17277156.0,2560,1440,0,0.0,1.0,2.8,512.0,0.0,0.0,0.0,2
7,3,15.6,2,4,4,2.1,4170348.0,1920,1080,0,0.0,1.0,,0.0,1024.0,0.0,0.0,0
0,0,13.3,5,8,4,1.6,7015876.92,1920,1080,0,0.0,1.0,2.5,256.0,0.0,0.0,0.0,1
2,0,13.3,5,8,4,1.27,8251776.0,1920,1080,0,0.0,1.0,2.5,256.0,0.0,0.0,0.0,1
4,3,15.6,2,4,2,2.3,5325418.8,1920,1080,0,0.0,1.0,2.5,256.0,0.0,0.0,0.0,0
4,3,13.3,0,4,4,1.65,6126588.0,1366,768,0,0.0,1.0,,128.0,0.0,0.0,0.0,1
7,4,14.0,2,8,4,1.43,13338000.0,1920,1080,0,0.0,1.0,2.5,256.0,0.0,0.0,0.0,1
4,3,15.6,0,8,4,2.14,4801235.4,1366,768,0,0.0,1.0,2.5,0.0,1024.0,0.0,0.0,1
10,4,14.0,5,8,4,1.75,10807158.96,1920,1080,0,0.0,1.0,1.8,256.0,0.0,0.0,0.0,0
10,0,15.6,4,16,4,,16885908.0,3840,2160,0,0.0,1.0,2.8,512.0,0.0,0.0,0.0,2
3,3,12.3,7,6,4,1.4,3992508.0,2736,1824,0,0.0,1.0,1.1,0.0,0.0,0.0,64.0,1
7,3,15.6,2,8,4,2.31,12688884.0,1920,1080,0,0.0,1.0,2.9,256.0,0.0,0.0,0.0,1
2,3,15.6,2,8,2,2.3,5308524.0,1920,1080,0,0.0,1.0,2.4,0.0,1024.0,0.0,0.0,2
4,1,17.3,3,16,4,4.42,24888708.0,2560,1440,0,0.0,1.0,2.9,256.0,1024.0,0.0,0.0,2
4,1,15.6,5,8,4,2.62,10305828.0,1920,1080,0,0.0,1.0,2.8,128.0,1024.0,0.0,0.0,2
4,3,15.6,2,8,4,2.02,10158220.8,1920,1080,0,0.0,1.0,1.8,256.0,2048.0,0.0,0.0,0
4,4,14.0,2,8,2,1.6,9772308.0,1920,1080,0,0.0,1.0,2.8,256.0,0.0,0.0,0.0,1
7,1,17.3,2,12,4,3.35,17775108.0,1920,1080,0,0.0,1.0,2.8,256.0,1024.0,0.0,0.0,2
12,0,11.6,5,4,4,1.16,2658708.0,1920,1080,0,0.0,1.0,1.1,32.0,0.0,0.0,0.0,1
15,2,11.6,0,4,1,1.15,2391948.0,1366,768,0,0.0,1.0,1.6,0.0,0.0,0.0,16.0,1
10,3,13.3,5,8,4,1.4,8980920.0,1920,1080,0,0.0,1.0,2.7,256.0,0.0,0.0,0.0,1
10,3,14.0,5,4,4,1.7,5326308.0,1920,1080,0,0.0,1.0,2.7,128.0,0.0,0.0,0.0,1
10,5,15.6,4,16,4,2.3,21740940.0,3840,2160,0,0.0,1.0,2.8,512.0,0.0,0.0,0.0,2
10,3,15.6,2,16,4,2.5,21776508.0,1920,1080,0,1.0,0.0,2.9,512.0,0.0,0.0,0.0,2
2,1,17.3,2,8,4,3.2,15071940.0,1920,1080,0,0.0,1.0,3.2,256.0,1024.0,0.0,0.0,0
7,3,15.6,0,4,4,2.1,3085524.0,1366,768,0,0.0,1.0,1.6,0.0,500.0,0.0,0.0,1
6,4,12.3,0,16,1,1.1,19553508.0,2400,1600,1,0.0,1.0,1.3,512.0,0.0,0.0,0.0,1
10,4,14.0,0,24,4,1.32,21180744.0,2560,1440,0,0.0,1.0,2.7,512.0,0.0,0.0,0.0,1
2,3,15.6,2,4,2,,4970628.0,1920,1080,0,1.0,0.0,2.5,256.0,0.0,0.0,0.0,1
10,3,17.3,0,8,4,2.8,4614948.0,1600,900,0,0.0,1.0,2.5,0.0,1024.0,0.0,0.0,0
4,3,15.6,2,4,4,2.2,6660108.0,1920,1080,0,0.0,1.0,1.6,256.0,0.0,0.0,0.0,0
10,4,12.5,5,8,4,1.36,12706668.0,1920,1080,0,0.0,1.0,2.5,256.0,0.0,0.0,0.0,1
10,3,15.6,2,4,4,2.2,3103308.0,1920,1080,0,0.0,1.0,1.1,128.0,0.0,0.0,0.0,1
7,1,15.6,5,8,4,2.2,9772308.0,1920,1080,0,0.0,1.0,2.8,128.0,1024.0,0.0,0.0,2
4,3,14.0,2,8,4,1.64,10483668.0,1920,1080,0,0.0,1.0,2.8,256.0,0.0,0.0,0.0,2
0,3,15.6,0,4,2,2.4,3928485.6,1366,768,0,0.0,1.0,2.5,0.0,500.0,0.0,0.0,1
4,5,15.6,2,8,4,2.23,17721756.0,1920,1080,0,0.0,1.0,,0.0,1024.0,0.0,64.0,2
11,1,15.6,2,8,4,2.2,9138664.08,1920,1080,0,0.0,1.0,2.5,256.0,0.0,0.0,0.0,2
13,4,13.5,0,16,4,1.25,23021388.0,2256,1504,1,0.0,1.0,2.5,512.0,0.0,0.0,0.0,1
7,3,15.6,0,8,4,1.91,5237388.0,1366,768,0,0.0,1.0,2.5,128.0,0.0,0.0,0.0,1
4,5,15.6,5,16,4,2.17,17561700.0,1920,1080,0,0.0,1.0,2.7,256.0,0.0,0.0,0.0,2
7,5,15.6,5,8,4,2.31,13640328.0,1920,1080,0,0.0,1.0,2.9,512.0,0.0,0.0,0.0,1
10,3,14.0,2,8,4,1.65,11959740.0,1920,1080,0,0.0,1.0,2.5,256.0,0.0,0.0,0.0,1
4,3,15.6,2,8,4,2.36,8705268.0,1920,1080,0,0.0,1.0,1.8,128.0,1024.0,0.0,0.0,0
4,0,11.6,0,4,4,1.47,4259268.0,1366,768,1,0.0,1.0,1.6,0.0,500.0,0.0,0.0,1
4,3,17.3,5,8,4,4.42,18193032.0,1920,1080,0,0.0,1.0,2.7,0.0,1024.0,0.0,0.0,2
13,4,13.5,0,4,4,1.252,8794188.0,2256,1504,1,0.0,1.0,2.2,128.0,0.0,0.0,0.0,1
13,4,13.5,0,8,4,1.25,15996708.0,2256,1504,1,0.0,1.0,2.5,256.0,0.0,0.0,0.0,1
7,3,17.3,0,8,4,2.5,5689990.8,1600,900,0,0.0,1.0,,256.0,0.0,0.0,0.0,1
0,3,15.6,2,4,4,2.23,4837248.0,1920,1080,0,0.0,1.0,,0.0,1024.0,0.0,0.0,2
0,2,11.6,0,4,4,1.4,3868020.0,1366,768,0,0.0,1.0,1.6,128.0,0.0,0.0,0.0,1
2,3,15.6,2,8,4,2.37,6660108.0,1920,1080,0,0.0,1.0,2.5,0.0,1024.0,0.0,0.0,1
10,3,14.0,5,8,3,1.5,7104708.0,1920,1080,0,0.0,1.0,2.7,512.0,0.0,0.0,0.0,0
10,3,15.6,2,8,4,2.67,18584280.0,1920,1080,0,0.0,1.0,2.9,256.0,0.0,0.0,0.0,2
2,3,15.6,0,4,4,,2703168.0,1366,768,0,0.0,1.0,1.1,0.0,500.0,0.0,0.0,1
0,3,15.6,0,4,4,2.2,4170348.0,1366,768,0,0.0,1.0,,0.0,500.0,0.0,0.0,2
4,3,15.6,2,8,4,2.02,6749028.0,1920,1080,0,0.0,1.0,1.6,0.0,2048.0,0.0,0.0,0
7,1,17.3,5,12,4,3.78,15107508.0,1920,1080,0,0.0,1.0,2.8,0.0,1024.0,0.0,0.0,2
10,4,14.0,6,12,4,1.4,16521336.0,2560,1440,0,0.0,1.0,2.6,256.0,0.0,0.0,0.0,1
7,0,13.3,4,8,4,1.29,17775108.0,3840,2160,0,0.0,1.0,1.8,512.0,0.0,0.0,0.0,1
7,3,15.6,2,8,4,1.9,10261368.0,1920,1080,0,0.0,1.0,2.5,0.0,500.0,0.0,0.0,0
6,4,12.3,0,8,1,1.1,11337300.0,2400,1600,1,0.0,1.0,1.2,128.0,0.0,0.0,0.0,1
4,4,13.3,2,8,4,1.42,16377730.2,1920,1080,0,0.0,1.0,1.6,256.0,0.0,0.0,0.0,1
2,3,15.6,4,12,4,2.06,11550708.0,3840,2160,0,0.0,1.0,2.6,128.0,1024.0,0.0,0.0,1
4,3,14.0,0,8,4,1.79,6580080.0,1366,768,0,0.0,1.0,2.3,128.0,0.0,0.0,0.0,1
4,5,15.6,2,8,4,1.78,21411936.0,1920,1080,0,0.0,1.0,2.8,256.0,0.0,0.0,0.0,2
10,3,14.0,2,8,4,1.7,12128688.0,1920,1080,0,0.0,1.0,2.5,1.0,0.0,0.0,0.0,1
4,3,15.6,2,8,4,2.2,6002100.0,1920,1080,0,0.0,1.0,1.6,0.0,1024.0,0.0,0.0,0
16,3,13.3,5,8,4,1.05,14867424.0,1920,1080,0,0.0,1.0,2.5,256.0,0.0,0.0,0.0,1
4,3,15.6,5,8,4,2.16,11221704.0,1920,1080,0,0.0,1.0,1.8,512.0,0.0,0.0,0.0,2
4,3,15.6,0,4,4,2.18,5216047.2,1366,768,0,0.0,1.0,2.4,0.0,1024.0,0.0,0.0,1
7,3,13.3,5,4,4,1.49,6455592.0,1920,1080,0,0.0,1.0,1.6,128.0,0.0,0.0,0.0,1
3,3,15.6,2,4,4,1.89,2213218.8,1920,1080,0,0.0,1.0,1.4,0.0,0.0,0.0,64.0,1
10,3,15.6,0,4,4,2.3,5023980.0,1366,768,0,0.0,1.0,2.0,128.0,0.0,0.0,0.0,1
10,3,14.0,5,8,4,1.75,9327708.0,1920,1080,0,0.0,1.0,1.6,256.0,0.0,0.0,0.0,1
4,5,15.6,5,16,4,2.17,20789496.0,1920,1080,0,0.0,1.0,2.7,512.0,0.0,0.0,0.0,2
4,3,15.6,2,16,4,2.06,16885908.0,1920,1080,0,0.0,1.0,2.8,512.0,0.0,0.0,0.0,2
10,4,12.5,5,16,4,1.36,15987816.0,1920,1080,0,0.0,1.0,2.7,512.0,0.0,0.0,0.0,1
2,4,12.5,2,16,4,0.91,17339400.0,1920,1080,0,0.0,1.0,2.7,512.0,0.0,0.0,0.0,1
10,3,15.6,5,8,4,2.3,8998615.08,1920,1080,0,0.0,1.0,2.5,256.0,0.0,0.0,0.0,2
16,4,13.3,2,32,4,1.05,24888708.0,1920,1080,0,0.0,1.0,2.7,512.0,0.0,0.0,0.0,1
2,1,15.6,2,8,4,1.99,12004200.0,1920,1080,0,1.0,0.0,2.8,128.0,1024.0,0.0,0.0,2
0,3,15.6,0,8,4,2.2,5148468.0,1366,768,0,0.0,1.0,2.5,0.0,1024.0,0.0,0.0,0
2,1,17.3,5,24,4,4.33,11283948.0,1920,1080,0,0.0,1.0,2.6,256.0,1024.0,0.0,0.0,2
10,4,12.5,3,8,4,1.3,9772308.0,1366,768,0,0.0,1.0,2.3,1.0,0.0,0.0,0.0,1
10,3,15.6,2,8,4,2.17,7993018.8,1920,1080,0,0.0,1.0,1.8,256.0,0.0,0.0,0.0,1
7,3,14.0,2,8,4,1.48,15552108.0,1920,1080,0,0.0,1.0,2.8,1024.0,0.0,0.0,0.0,1
10,3,13.3,5,8,4,1.4,8438508.0,1920,1080,0,0.0,1.0,2.4,256.0,0.0,0.0,0.0,1
10,3,15.6,5,8,4,2.3,8100612.0,1920,1080,0,0.0,1.0,2.5,256.0,0.0,0.0,0.0,1
2,2,11.6,0,4,4,1.2,3023280.0,1366,768,0,0.0,1.0,1.1,0.0,0.0,0.0,64.0,1
7,3,15.6,0,8,4,1.91,5504059.08,1366,768,0,0.0,1.0,2.5,256.0,0.0,0.0,0.0,0
10,0,13.9,5,8,4,1.4,14218308.0,1920,1080,0,0.0,1.0,1.6,256.0,0.0,0.0,0.0,1
10,3,14.0,0,4,4,2.1,2658708.0,1366,768,0,0.0,1.0,1.1,0.0,500.0,0.0,0.0,1
10,2,11.6,0,4,1,1.25,2356380.0,1366,768,0,0.0,1.0,1.6,16.0,0.0,0.0,0.0,1
10,3,13.3,2,8,4,1.44,8438508.0,1920,1080,0,0.0,1.0,2.5,256.0,0.0,0.0,0.0,1
2,3,15.6,2,8,4,,10883808.0,1920,1080,0,0.0,1.0,2.7,256.0,1024.0,0.0,0.0,1
0,3,15.6,5,4,4,2.2,5450796.0,1920,1080,0,0.0,1.0,1.6,0.0,1024.0,0.0,0.0,2
7,4,13.3,5,8,4,1.34,11764116.0,1920,1080,0,0.0,1.0,2.7,512.0,0.0,0.0,0.0,1
10,1,15.6,5,8,3,2.4,10216908.0,1920,1080,0,0.0,1.0,2.8,256.0,1024.0,0.0,0.0,2
4,4,13.3,5,8,4,1.29,7993908.0,1920,1080,0,0.0,1.0,2.5,128.0,0.0,0.0,0.0,1
0,3,15.6,2,4,4,2.2,5681988.0,1920,1080,0,0.0,1.0,2.7,0.0,500.0,0.0,0.0,2
4,3,15.6,2,8,4,2.18,7433712.0,1920,1080,0,0.0,1.0,2.5,0.0,1024.0,0.0,0.0,1
4,3,15.6,2,16,4,2.2,10841482.08,1920,1080,0,0.0,1.0,1.8,256.0,2048.0,0.0,0.0,0
18,3,15.6,5,16,3,1.95,12448355.4,1920,1080,0,0.0,1.0,1.8,256.0,0.0,0.0,0.0,2
2,2,11.6,0,2,4,1.1,2178540.0,1366,768,0,0.0,1.0,1.1,0.0,0.0,0.0,32.0,1
7,3,15.6,0,4,4,2.04,4636911.24,1366,768,1,0.0,1.0,1.6,0.0,1024.0,0.0,0.0,1
2,1,15.6,2,24,4,2.24,26391456.0,1920,1080,0,0.0,1.0,2.8,512.0,0.0,0.0,0.0,2
7,3,15.6,2,8,4,2.04,7904988.0,1920,1080,0,0.0,1.0,2.5,256.0,0.0,0.0,0.0,2
2,1,17.3,2,16,4,,13373568.0,1920,1080,0,0.0,1.0,2.8,256.0,1024.0,0.0,0.0,2
10,1,15.6,5,8,4,3.2,12439908.0,1920,1080,0,0.0,1.0,2.8,256.0,1024.0,0.0,0.0,2
7,4,13.3,5,8,4,1.32,12439908.0,1920,1080,0,0.0,1.0,2.7,256.0,0.0,0.0,0.0,1
4,3,14.0,2,8,4,1.64,11379359.16,1920,1080,0,0.0,1.0,2.6,256.0,0.0,0.0,0.0,1
7,3,15.6,0,4,4,1.63,6126588.0,1366,768,0,0.0,1.0,,128.0,0.0,0.0,0.0,1
4,3,17.3,5,8,2,2.8,7904988.0,1920,1080,0,0.0,1.0,1.6,128.0,1024.0,0.0,0.0,0
10,3,14.0,2,8,4,2.02,11915280.0,1920,1080,0,0.0,1.0,2.3,256.0,0.0,0.0,0.0,1
10,3,15.6,2,4,4,2.2,7104708.0,1920,1080,0,0.0,1.0,2.7,0.0,1024.0,0.0,0.0,2
10,3,15.6,0,8,3,2.2,4081428.0,1366,768,0,0.0,1.0,,0.0,2048.0,0.0,0.0,2
4,3,15.6,2,4,4,2.3,5201820.0,1920,1080,0,0.0,1.0,2.5,0.0,500.0,0.0,0.0,0
4,3,15.6,2,8,4,1.9,12244284.0,1920,1080,0,0.0,1.0,2.8,256.0,0.0,0.0,0.0,1
4,1,17.3,5,16,4,4.42,26789550.84,1920,1080,0,0.0,1.0,2.8,128.0,1024.0,0.0,0.0,2
16,3,15.6,5,8,4,2.0,7647120.0,1920,1080,0,0.0,1.0,2.5,0.0,500.0,0.0,0.0,1
2,3,15.6,4,8,4,,11550708.0,3840,2160,0,0.0,1.0,2.7,256.0,1024.0,0.0,0.0,2
12,3,13.3,5,4,4,1.2,3281148.0,1920,1080,0,0.0,1.0,1.1,32.0,0.0,0.0,0.0,1
2,1,15.6,5,8,4,2.3,14662908.0,1920,1080,0,0.0,1.0,2.5,128.0,1024.0,0.0,0.0,2
4,3,15.6,2,8,4,1.93,12173148.0,1920,1080,0,0.0,1.0,2.8,256.0,0.0,0.0,0.0,2
4,3,15.6,2,8,4,2.2,7090569.72,1920,1080,0,0.0,1.0,1.6,256.0,0.0,0.0,0.0,0
7,3,15.6,2,4,4,1.86,3547819.08,1920,1080,0,0.0,1.0,1.6,256.0,0.0,0.0,0.0,1
7,1,17.3,2,12,4,2.62,15996708.0,1920,1080,0,0.0,1.0,2.8,0.0,1024.0,0.0,0.0,2
10,3,14.0,5,8,4,1.87,7638228.0,1920,1080,0,0.0,1.0,2.7,256.0,0.0,0.0,0.0,2
4,4,13.3,8,8,4,1.2,12439908.0,3200,1800,0,0.0,1.0,1.8,256.0,0.0,0.0,0.0,1
4,3,14.0,2,4,4,1.6,6543356.04,1920,1080,0,0.0,1.0,,128.0,0.0,0.0,0.0,1
7,4,13.3,6,8,4,1.34,10181340.0,3200,1800,0,0.0,1.0,2.7,256.0,0.0,0.0,0.0,1
0,1,15.6,2,8,2,2.4,7095816.0,1920,1080,0,1.0,0.0,2.5,0.0,1024.0,0.0,0.0,2
2,3,15.6,0,4,4,,3103308.0,1366,768,0,0.0,1.0,1.8,0.0,500.0,0.0,0.0,0
7,3,15.6,2,4,4,2.1,6273306.0,1920,1080,0,0.0,1.0,2.4,128.0,0.0,0.0,0.0,1
10,3,14.0,2,4,4,1.87,6980220.0,1920,1080,0,0.0,1.0,2.5,0.0,500.0,0.0,0.0,1
10,3,15.6,2,4,3,2.15,4111216.2,1920,1080,0,0.0,1.0,2.3,0.0,1024.0,0.0,0.0,1
7,3,15.6,2,4,4,1.86,3530124.0,1920,1080,0,0.0,1.0,,0.0,500.0,0.0,0.0,1
10,3,15.6,5,8,4,1.99,15374268.0,1920,1080,0,0.0,1.0,2.7,512.0,0.0,0.0,0.0,1
10,3,15.6,2,4,4,2.2,4437108.0,1920,1080,0,0.0,1.0,,128.0,0.0,0.0,0.0,1
4,3,15.6,2,8,4,1.9,9932275.08,1920,1080,0,0.0,1.0,2.5,256.0,0.0,0.0,0.0,1
4,1,17.3,5,16,4,4.42,23999508.0,1920,1080,0,0.0,1.0,2.8,256.0,1024.0,0.0,0.0,2
7,3,17.3,0,8,4,2.65,4838581.8,1600,900,0,0.0,1.0,,0.0,1024.0,0.0,0.0,1
7,3,17.3,2,8,4,2.63,11381760.0,1920,1080,0,0.0,1.0,2.7,0.0,1024.0,0.0,0.0,2
2,3,15.6,0,4,2,,1991808.0,1366,768,0,0.0,1.0,1.1,0.0,500.0,0.0,0.0,1
12,3,13.3,5,4,4,1.35,2267460.0,1920,1080,0,0.0,1.0,1.4,0.0,0.0,0.0,32.0,1
10,3,17.3,0,6,4,2.8,8438508.0,1600,900,0,1.0,0.0,2.7,128.0,1024.0,0.0,0.0,2
7,3,15.6,5,6,4,1.91,5058658.8,1920,1080,0,0.0,1.0,2.5,128.0,0.0,0.0,0.0,0
4,3,15.6,0,4,4,2.18,5494366.8,1366,768,0,0.0,1.0,,0.0,1024.0,0.0,0.0,0
0,0,11.6,5,4,4,1.25,3103308.0,1920,1080,0,0.0,1.0,2.0,0.0,0.0,0.0,32.0,1
10,3,15.6,2,4,4,2.05,5601960.0,1920,1080,0,0.0,1.0,2.7,128.0,0.0,0.0,0.0,1
7,4,13.3,6,16,4,1.16,17472780.0,3200,1800,0,0.0,1.0,1.2,512.0,0.0,0.0,0.0,1
10,3,17.3,5,8,4,3.4,26667108.0,1920,1080,0,0.0,1.0,2.8,256.0,0.0,0.0,0.0,2
2,3,15.6,2,8,4,2.5,7460388.0,1920,1080,0,0.0,1.0,2.5,128.0,1024.0,0.0,0.0,2
4,4,13.3,4,8,4,1.21,14218308.0,3840,2160,0,0.0,1.0,1.6,128.0,0.0,0.0,0.0,1
4,3,15.6,0,4,4,1.93,8527428.0,1366,768,0,0.0,1.0,2.6,0.0,500.0,0.0,0.0,1
5,3,15.6,0,8,4,2.2,6571188.0,1366,768,0,0.0,1.0,2.5,0.0,1024.0,0.0,0.0,1
10,3,15.6,2,4,4,2.2,3058848.0,1920,1080,0,0.0,1.0,1.1,0.0,500.0,0.0,0.0,1
10,3,14.0,0,4,4,2.02,8803080.0,1366,768,0,0.0,1.0,2.5,0.0,500.0,0.0,0.0,1
7,5,17.3,0,8,4,3.14,16547923.08,1600,900,0,0.0,1.0,2.8,0.0,500.0,0.0,0.0,2
7,3,14.0,0,8,4,1.94,3458988.0,1366,768,0,1.0,0.0,1.6,0.0,2048.0,0.0,0.0,1
7,3,15.6,5,6,4,1.95,5770908.0,1920,1080,0,0.0,1.0,,256.0,0.0,0.0,0.0,0
10,3,15.6,2,8,4,2.3,7380360.0,1920,1080,0,0.0,1.0,2.5,256.0,0.0,0.0,0.0,1
10,3,15.6,2,4,4,2.05,6091020.0,1920,1080,0,0.0,1.0,1.6,0.0,500.0,0.0,0.0,1
12,3,14.0,2,4,4,1.4,2214108.0,1920,1080,0,0.0,1.0,1.4,32.0,0.0,0.0,0.0,1
16,4,14.0,2,16,4,1.24,16583580.0,1920,1080,0,0.0,1.0,2.7,512.0,0.0,0.0,0.0,1
10,1,17.3,5,32,4,4.6,23679396.0,1920,1080,0,0.0,1.0,2.7,256.0,1024.0,0.0,0.0,2
11,1,17.3,2,16,4,4.14,24266268.0,1920,1080,0,0.0,1.0,2.9,512.0,1024.0,0.0,0.0,2
4,3,15.6,2,8,2,2.2,6660196.92,1920,1080,0,0.0,1.0,2.7,256.0,0.0,0.0,0.0,0
12,3,14.0,5,4,4,1.45,3458988.0,1920,1080,0,0.0,1.0,1.1,32.0,0.0,0.0,0.0,1
4,3,15.6,0,8,4,1.9,8967759.84,1366,768,0,0.0,1.0,2.6,0.0,500.0,0.0,0.0,1
7,3,13.3,2,4,4,1.49,6393348.0,1920,1080,0,0.0,1.0,2.4,128.0,0.0,0.0,0.0,1
4,3,15.6,2,16,4,1.93,13670471.88,1920,1080,0,0.0,1.0,2.8,256.0,0.0,0.0,0.0,2
4,2,11.6,0,4,1,1.26,2623140.0,1366,768,0,0.0,1.0,1.6,0.0,0.0,0.0,16.0,1
11,1,17.3,2,16,4,4.5,20887308.0,1920,1080,0,0.0,1.0,2.7,128.0,1024.0,0.0,0.0,2
7,1,17.3,5,16,4,3.78,13320216.0,1920,1080,0,0.0,1.0,2.8,256.0,1024.0,0.0,0.0,2
10,4,14.0,5,12,4,1.4,14876316.0,1920,1080,0,0.0,1.0,2.6,256.0,0.0,0.0,0.0,1
10,3,15.6,0,12,4,2.2,5415228.0,1366,768,1,0.0,1.0,1.8,0.0,1024.0,0.0,0.0,1
2,1,17.3,5,8,4,2.73,15738840.0,1920,1080,0,0.0,1.0,2.5,128.0,1024.0,0.0,0.0,2
2,0,15.6,0,8,4,2.2,6571188.0,1366,768,1,1.0,0.0,2.5,0.0,1024.0,0.0,0.0,1
10,3,15.6,2,12,4,2.2,8438508.0,1920,1080,0,0.0,1.0,3.6,512.0,0.0,0.0,0.0,0
4,0,11.6,0,4,4,1.39,5361876.0,1366,768,1,0.0,1.0,1.0,128.0,0.0,0.0,0.0,1
15,3,15.6,2,16,4,2.5,15107508.0,1920,1080,0,0.0,1.0,2.8,128.0,1024.0,0.0,0.0,2
10,3,17.3,2,4,3,2.8,4703868.0,1920,1080,0,0.0,1.0,,0.0,500.0,0.0,0.0,1
10,3,15.6,0,8,4,2.29,4081428.0,1366,768,0,0.0,1.0,2.3,0.0,1024.0,0.0,0.0,1
10,0,13.3,5,8,4,1.37,18006300.0,1920,1080,0,0.0,1.0,2.7,512.0,0.0,0.0,0.0,1
10,3,14.0,5,8,4,1.7,13106808.0,1920,1080,0,0.0,1.0,2.5,256.0,0.0,0.0,0.0,1
4,0,12.5,2,8,4,1.34,14849640.0,1920,1080,0,0.0,1.0,2.5,256.0,0.0,0.0,0.0,1
4,5,15.6,2,8,4,2.06,15676596.0,1920,1080,0,0.0,1.0,2.8,256.0,0.0,0.0,0.0,2
7,3,15.6,2,8,4,1.84,10839348.0,1920,1080,0,0.0,1.0,2.7,256.0,0.0,0.0,0.0,1
7,3,15.6,0,4,4,2.1,5944124.16,1366,768,0,0.0,1.0,2.4,0.0,500.0,0.0,0.0,1
0,3,14.0,2,4,4,1.6,2925468.0,1920,1080,0,0.0,1.0,1.1,0.0,0.0,0.0,32.0,1
11,1,17.3,2,16,4,4.14,19553508.0,1920,1080,0,0.0,1.0,2.7,128.0,1024.0,0.0,0.0,2
4,3,15.6,0,4,2,2.18,4134780.0,1366,768,0,0.0,1.0,,0.0,1024.0,0.0,0.0,0
11,1,15.6,1,16,4,1.8,20442708.0,3840,2160,0,0.0,1.0,2.8,256.0,2048.0,0.0,0.0,2
16,3,15.6,5,8,4,2.2,12439908.0,1920,1080,0,0.0,1.0,2.5,256.0,0.0,0.0,0.0,1
10,3,15.6,2,6,4,2.4,5015088.0,1920,1080,0,0.0,1.0,2.5,0.0,1024.0,0.0,0.0,1
10,0,15.6,5,8,4,,11550708.0,1920,1080,0,0.0,1.0,2.8,256.0,0.0,0.0,0.0,1
0,3,14.0,0,4,4,1.6,3103308.0,1366,768,0,0.0,1.0,1.6,0.0,0.0,0.0,128.0,1
4,1,15.6,2,16,4,2.59,7816156.92,1920,1080,0,0.0,1.0,2.6,0.0,1024.0,0.0,0.0,2
4,3,15.6,0,4,2,2.18,3947158.8,1366,768,0,0.0,1.0,2.0,0.0,1024.0,0.0,0.0,1
4,3,15.6,0,4,2,2.25,3192228.0,1366,768,0,0.0,1.0,2.0,0.0,1024.0,0.0,0.0,1
4,3,15.6,0,4,2,1.93,7727148.0,1366,768,0,0.0,1.0,2.6,0.0,500.0,0.0,0.0,1
2,1,17.3,2,8,4,,10385856.0,1920,1080,0,0.0,1.0,2.8,128.0,1024.0,0.0,0.0,2
4,3,15.6,2,4,2,2.18,5059548.0,1920,1080,0,0.0,1.0,2.5,128.0,0.0,0.0,0.0,0
7,4,15.6,2,8,4,1.84,12350988.0,1920,1080,0,0.0,1.0,2.7,512.0,0.0,0.0,0.0,1
11,1,15.6,2,16,4,2.94,20165811.12,1920,1080,0,0.0,1.0,2.8,256.0,1024.0,0.0,0.0,2
0,0,11.6,3,4,1,1.25,3370068.0,1366,768,0,0.0,1.0,1.6,0.0,0.0,0.0,32.0,1
7,3,14.0,0,8,4,2.31,9994608.0,1366,768,0,0.0,1.0,2.6,256.0,0.0,0.0,0.0,1
10,3,14.0,2,8,4,1.65,13026780.0,1920,1080,0,0.0,1.0,2.3,256.0,0.0,0.0,0.0,1
4,3,15.6,2,4,4,2.2,6900192.0,1920,1080,0,0.0,1.0,1.6,0.0,1024.0,0.0,0.0,0
5,3,15.6,0,8,4,2.2,7104708.0,1366,768,0,0.0,1.0,2.5,256.0,0.0,0.0,0.0,1
7,3,15.6,0,4,4,1.88,8287344.0,1366,768,0,0.0,1.0,2.3,0.0,500.0,0.0,0.0,1
10,3,15.6,2,8,4,2.2,7993908.0,1920,1080,0,0.0,1.0,2.7,0.0,1024.0,0.0,0.0,2
12,3,14.0,2,2,4,1.4,2125188.0,1920,1080,0,0.0,1.0,1.4,0.0,0.0,0.0,32.0,1
10,3,15.6,2,4,3,2.2,4161456.0,1920,1080,0,0.0,1.0,2.5,128.0,0.0,0.0,0.0,1
2,0,13.3,2,6,4,1.5,5682076.92,1920,1080,0,0.0,1.0,2.5,0.0,1024.0,0.0,0.0,1
4,3,15.6,2,8,4,,16183440.0,1920,1080,0,0.0,1.0,2.8,256.0,0.0,0.0,0.0,2
2,4,14.0,2,16,4,1.1,16894800.0,1920,1080,0,0.0,1.0,2.7,512.0,0.0,0.0,0.0,1
4,1,15.6,2,16,4,2.62,13151268.0,1920,1080,0,0.0,1.0,2.8,256.0,1024.0,0.0,0.0,2
10,3,15.6,2,4,4,1.8,7371468.0,1920,1080,0,0.0,1.0,1.6,256.0,0.0,0.0,0.0,1
10,3,15.6,2,4,4,2.2,5148468.0,1920,1080,0,0.0,1.0,,0.0,1024.0,0.0,0.0,2
2,3,15.6,0,8,4,,3547908.0,1366,768,0,0.0,1.0,1.1,0.0,1024.0,0.0,0.0,1
2,3,15.6,2,8,4,1.99,8061665.04,1920,1080,0,0.0,1.0,2.5,0.0,1024.0,0.0,0.0,2
4,4,13.3,8,8,4,1.23,16619148.0,3200,1800,0,0.0,1.0,1.6,256.0,0.0,0.0,0.0,1
10,3,14.0,0,2,4,1.42,2214108.0,1366,768,0,0.0,1.0,1.6,0.0,0.0,0.0,32.0,1
10,0,13.3,5,8,4,1.37,15626978.64,1920,1080,0,0.0,1.0,2.7,256.0,0.0,0.0,0.0,1
4,3,15.6,1,16,4,2.06,21331908.0,3840,2160,0,1.0,0.0,2.8,1024.0,0.0,0.0,0.0,2
10,1,15.6,5,8,4,2.5,9861228.0,1920,1080,0,0.0,1.0,2.8,128.0,1024.0,0.0,0.0,2
7,3,17.0,0,8,4,2.6,4631842.8,1600,900,0,0.0,1.0,,0.0,1024.0,0.0,0.0,0
10,4,14.0,5,16,4,1.14,21785400.0,1920,1080,0,0.0,1.0,2.7,512.0,0.0,0.0,0.0,1
2,1,15.6,5,8,3,2.5,10394748.0,1920,1080,0,0.0,1.0,2.8,0.0,1024.0,0.0,0.0,2
0,3,15.6,0,4,4,2.4,4001400.0,1366,768,0,0.0,1.0,,0.0,500.0,0.0,0.0,1
10,3,14.0,0,4,4,1.43,2436408.0,1366,768,0,0.0,1.0,1.6,0.0,0.0,0.0,32.0,1
0,4,14.0,5,8,4,1.8,8171748.0,1920,1080,0,0.0,1.0,2.5,256.0,0.0,0.0,0.0,1
14,1,14.0,2,16,4,1.95,23110308.0,1920,1080,0,0.0,1.0,2.8,256.0,0.0,0.0,0.0,2
16,3,13.3,2,8,4,1.2,10785996.0,1920,1080,0,0.0,1.0,2.3,256.0,0.0,0.0,0.0,1
10,4,12.5,5,8,4,1.36,14084928.0,1920,1080,0,0.0,1.0,2.7,256.0,0.0,0.0,0.0,1
2,1,17.3,5,32,4,3.8,24888708.0,1920,1080,0,0.0,1.0,2.7,512.0,0.0,0.0,0.0,2
0,1,15.6,2,8,2,2.4,6304428.0,1920,1080,0,0.0,1.0,2.5,0.0,1024.0,0.0,0.0,2
4,4,13.3,2,8,4,1.2,12892510.8,1920,1080,0,0.0,1.0,1.6,256.0,0.0,0.0,0.0,1
11,1,15.6,2,8,4,2.2,10597485.6,1920,1080,0,0.0,1.0,2.8,128.0,1024.0,0.0,0.0,2
7,3,15.6,0,4,3,1.86,3244690.8,1366,768,0,0.0,1.0,,0.0,500.0,0.0,0.0,1
16,3,15.6,5,8,4,2.0,9461088.0,1920,1080,0,0.0,1.0,2.5,0.0,500.0,0.0,0.0,1
4,3,15.6,2,8,4,2.2,8171748.0,1920,1080,0,0.0,1.0,1.8,256.0,0.0,0.0,0.0,0
4,3,15.6,2,16,4,2.2,10092420.0,1920,1080,0,0.0,1.0,1.8,256.0,2048.0,0.0,0.0,0
10,1,15.6,5,8,4,3.31,10634832.0,1920,1080,0,0.0,1.0,2.6,128.0,1024.0,0.0,0.0,2
4,1,17.3,4,32,4,4.42,27986414.04,3840,2160,0,0.0,1.0,2.8,512.0,1024.0,0.0,0.0,2
4,3,14.0,2,8,4,1.56,10928268.0,1920,1080,0,0.0,1.0,2.4,256.0,0.0,0.0,0.0,1
10,3,15.6,0,4,4,2.2,3725748.0,1366,768,0,0.0,1.0,1.1,0.0,500.0,0.0,0.0,1
10,3,15.6,2,4,4,2.2,4757220.0,1920,1080,0,0.0,1.0,2.3,0.0,500.0,0.0,0.0,1
7,3,15.6,0,6,4,2.04,4792788.0,1920,1080,0,0.0,1.0,,0.0,1024.0,0.0,0.0,0
11,1,17.3,2,8,4,2.7,13220358.84,1920,1080,0,0.0,1.0,2.8,128.0,1024.0,0.0,0.0,2
16,3,15.6,0,4,4,2.1,4428216.0,1366,768,0,0.0,1.0,2.1,128.0,0.0,0.0,0.0,1
4,3,15.6,2,8,4,2.06,8491860.0,1920,1080,0,0.0,1.0,2.5,0.0,1024.0,0.0,0.0,1
7,3,15.6,2,8,4,2.1,6624540.0,1920,1080,0,0.0,1.0,2.7,0.0,1024.0,0.0,0.0,0
16,3,15.6,5,8,4,2.0,11186136.0,1920,1080,0,0.0,1.0,2.5,256.0,0.0,0.0,0.0,1
0,3,15.6,0,4,2,2.1,3663504.0,1366,768,0,0.0,1.0,,128.0,0.0,0.0,0.0,1
13,4,13.5,0,8,4,1.252,16608922.2,2256,1504,1,0.0,1.0,2.8,256.0,0.0,0.0,0.0,1
10,3,15.6,2,8,4,1.9,7273211.4,1920,1080,0,1.0,0.0,2.5,128.0,1024.0,0.0,0.0,0
10,0,13.3,5,8,4,1.3,9194328.0,1920,1080,0,0.0,1.0,2.5,256.0,0.0,0.0,0.0,1
10,3,15.6,0,4,4,2.2,3103308.0,1366,768,0,0.0,1.0,2.2,128.0,0.0,0.0,0.0,0
7,0,14.0,5,4,4,1.63,6215508.0,1920,1080,0,0.0,1.0,2.4,128.0,0.0,0.0,0.0,2
11,1,15.6,2,16,4,2.4,11506248.0,1920,1080,0,0.0,1.0,2.8,256.0,1024.0,0.0,0.0,2
2,4,14.0,2,8,4,1.1,10092420.0,1920,1080,0,0.0,1.0,2.5,256.0,0.0,0.0,0.0,1
7,0,11.6,0,8,1,1.4,4401540.0,1366,768,1,0.0,1.0,1.1,0.0,0.0,0.0,64.0,1
9,4,15.6,5,8,4,1.09,20442708.0,1920,1080,0,0.0,1.0,1.8,512.0,0.0,0.0,0.0,1
0,1,15.6,2,16,4,2.5,11550708.0,1920,1080,0,0.0,1.0,2.5,256.0,0.0,0.0,0.0,2
11,1,15.6,2,8,4,2.2,8873326.8,1920,1080,0,0.0,1.0,2.5,256.0,0.0,0.0,0.0,2
2,3,15.6,0,4,4,1.86,3725748.0,1366,768,0,0.0,1.0,1.1,128.0,0.0,0.0,0.0,1
4,1,15.6,2,16,4,3.21,18237492.0,1920,1080,0,0.0,1.0,2.5,128.0,1024.0,0.0,0.0,2
7,3,17.3,5,4,4,2.5,6215508.0,1920,1080,0,0.0,1.0,,256.0,0.0,0.0,0.0,0
10,0,13.3,5,8,4,1.19,13329108.0,1920,1080,0,0.0,1.0,1.8,512.0,0.0,0.0,0.0,1
4,1,15.6,2,16,4,3.49,25019865.0,1920,1080,0,0.0,1.0,2.9,256.0,1024.0,0.0,0.0,2
7,3,15.6,0,4,4,1.86,5447328.12,1366,768,0,1.0,0.0,2.5,0.0,500.0,0.0,0.0,0
4,3,15.6,0,4,4,2.2,4852097.64,1366,768,0,0.0,1.0,,0.0,1024.0,0.0,0.0,0
7,3,17.3,5,6,4,2.65,5059548.0,1920,1080,0,0.0,1.0,2.4,0.0,2048.0,0.0,0.0,0
10,3,15.6,0,4,4,2.1,2827656.0,1366,768,0,0.0,1.0,1.6,0.0,500.0,0.0,0.0,1
0,3,14.0,0,4,1,1.45,3334500.0,1366,768,0,0.0,1.0,1.6,0.0,0.0,0.0,32.0,1
10,3,14.0,2,4,4,1.7,6215508.0,1920,1080,0,0.0,1.0,2.5,256.0,0.0,0.0,0.0,1
7,5,17.3,2,8,4,3.14,16965847.08,1920,1080,0,0.0,1.0,2.8,0.0,500.0,0.0,0.0,2
10,0,14.0,0,8,4,1.42,23030280.0,2560,1440,1,0.0,1.0,2.7,256.0,0.0,0.0,0.0,1
16,3,13.3,5,8,4,1.5,8651916.0,1920,1080,0,0.0,1.0,2.5,256.0,0.0,0.0,0.0,1
0,2,11.6,0,4,4,1.4,2391948.0,1366,768,0,0.0,1.0,1.6,0.0,0.0,0.0,32.0,1
10,0,14.0,2,16,4,1.38,15552108.0,1920,1080,0,0.0,1.0,2.7,512.0,0.0,0.0,0.0,1
2,0,12.5,2,4,1,1.2,5948748.0,1920,1080,0,0.0,1.0,0.9,0.0,0.0,0.0,64.0,1
16,4,13.3,2,16,4,1.36,16690284.0,1920,1080,0,0.0,1.0,2.5,512.0,0.0,0.0,0.0,1
7,3,15.6,5,4,4,2.1,6126588.0,1920,1080,0,1.0,0.0,2.7,0.0,500.0,0.0,0.0,0
4,1,15.6,2,8,4,2.56,7282548.0,1920,1080,0,1.0,0.0,2.5,0.0,1024.0,0.0,0.0,2
10,3,15.6,2,4,4,2.2,3547908.0,1920,1080,0,0.0,1.0,2.9,256.0,0.0,0.0,0.0,0
10,3,15.6,0,8,4,2.2,3814668.0,1366,768,0,0.0,1.0,3.6,0.0,1024.0,0.0,0.0,0
10,3,15.6,2,4,4,2.1,5525933.4,1920,1080,0,0.0,1.0,2.5,0.0,2048.0,0.0,0.0,1
10,3,15.6,0,4,3,1.9,4001400.0,1366,768,0,0.0,1.0,,0.0,500.0,0.0,0.0,1
4,3,15.6,2,8,4,2.18,7069140.0,1920,1080,0,0.0,1.0,2.5,256.0,0.0,0.0,0.0,1
0,0,13.3,5,8,4,1.6,8883108.0,1920,1080,0,0.0,1.0,1.6,256.0,0.0,0.0,0.0,1
10,5,15.6,2,16,4,2.18,16494660.0,1920,1080,0,1.0,0.0,2.5,512.0,0.0,0.0,0.0,2
10,3,14.0,2,8,4,1.8,10590372.0,1920,1080,0,0.0,1.0,2.3,256.0,0.0,0.0,0.0,1
7,3,17.3,5,6,4,2.71,5824348.92,1920,1080,0,0.0,1.0,2.5,0.0,2048.0,0.0,0.0,0
10,1,15.6,5,8,4,2.5,11106108.0,1920,1080,0,0.0,1.0,2.8,128.0,1024.0,0.0,0.0,2
4,3,14.0,2,8,2,1.64,9683388.0,1920,1080,0,0.0,1.0,2.8,256.0,0.0,0.0,0.0,2
4,3,15.6,2,8,2,1.98,6455592.0,1920,1080,0,0.0,1.0,2.5,0.0,1024.0,0.0,0.0,1
2,3,14.0,2,4,4,1.5,2649816.0,1920,1080,0,0.0,1.0,1.1,0.0,0.0,0.0,32.0,1
4,3,15.6,2,16,4,1.93,12685860.72,1920,1080,0,0.0,1.0,2.6,512.0,0.0,0.0,0.0,1
10,3,14.0,5,8,4,1.87,7621066.44,1920,1080,0,1.0,0.0,2.5,256.0,0.0,0.0,0.0,2
4,3,15.6,2,8,4,1.9,10483668.0,1920,1080,0,0.0,1.0,2.6,256.0,0.0,0.0,0.0,1
10,3,15.6,0,4,4,2.19,2649816.0,1366,768,0,0.0,1.0,,0.0,500.0,0.0,0.0,0
12,3,14.0,5,4,4,1.4,2356380.0,1920,1200,0,0.0,1.0,1.9,0.0,32.0,0.0,0.0,1
7,3,17.3,2,8,4,2.63,10670400.0,1920,1080,0,0.0,1.0,2.7,256.0,0.0,0.0,0.0,2
10,4,14.0,6,8,4,1.17,14997602.88,2560,1440,0,0.0,1.0,2.5,512.0,0.0,0.0,0.0,1
7,0,13.3,3,8,4,1.58,7439047.2,1366,768,0,0.0,1.0,2.5,256.0,0.0,0.0,0.0,1
10,4,14.0,5,8,4,1.32,13329108.0,1920,1080,0,0.0,1.0,2.5,256.0,0.0,0.0,0.0,1
4,1,17.3,1,32,4,4.36,32539384.8,3840,2160,0,0.0,1.0,2.8,1024.0,1024.0,0.0,0.0,2
11,1,17.3,2,8,4,2.7,11990684.16,1920,1080,0,0.0,1.0,2.8,128.0,1024.0,0.0,0.0,2
10,3,15.6,0,4,3,1.9,4356190.8,1366,768,0,0.0,1.0,2.5,0.0,1024.0,0.0,0.0,1
4,3,15.6,2,8,4,2.2,6393348.0,1920,1080,0,0.0,1.0,1.6,128.0,1024.0,0.0,0.0,0
4,0,13.3,2,4,4,1.71,5770908.0,1920,1080,0,1.0,0.0,2.4,0.0,1024.0,0.0,0.0,1
4,3,15.6,0,8,2,2.32,5242011.84,1366,768,0,0.0,1.0,2.5,0.0,1024.0,0.0,0.0,0
7,3,15.6,2,4,4,2.1,4348188.0,1920,1080,0,0.0,1.0,,0.0,1024.0,0.0,0.0,0
0,1,17.3,5,16,4,4.2,17206020.0,1920,1080,0,1.0,0.0,2.6,128.0,1024.0,0.0,0.0,2
4,3,15.6,0,12,4,2.25,5770908.0,1366,768,0,0.0,1.0,2.5,0.0,1024.0,0.0,0.0,1
7,3,15.6,2,6,4,2.1,5779800.0,1920,1080,0,0.0,1.0,,128.0,1024.0,0.0,0.0,0
0,3,15.6,0,4,4,2.4,4970628.0,1366,768,0,0.0,1.0,2.5,0.0,500.0,0.0,0.0,1
10,3,13.3,5,8,4,1.44,8536320.0,1920,1080,0,0.0,1.0,2.5,256.0,0.0,0.0,0.0,1
10,3,15.6,2,4,4,1.85,6926868.0,1920,1080,0,0.0,1.0,2.7,0.0,1024.0,0.0,0.0,1
7,5,15.6,2,16,4,2.6,21509748.0,1920,1080,0,0.0,1.0,2.8,256.0,0.0,0.0,0.0,2
4,0,13.3,2,8,4,1.55,5859828.0,1920,1080,0,0.0,1.0,1.6,0.0,1024.0,0.0,0.0,1
11,1,15.6,2,16,4,1.8,18624116.16,1920,1080,0,0.0,1.0,2.8,256.0,1024.0,0.0,0.0,2
0,3,15.6,0,4,4,2.4,3652833.6,1366,768,0,0.0,1.0,,0.0,500.0,0.0,0.0,1
4,3,15.6,2,8,4,2.0,10732644.0,1920,1080,0,0.0,1.0,2.7,128.0,1024.0,0.0,0.0,2
4,3,15.6,0,8,4,,5913180.0,1366,768,0,0.0,1.0,,256.0,0.0,0.0,0.0,1
16,3,14.0,5,8,4,1.25,13649220.0,1920,1080,0,0.0,1.0,2.5,256.0,0.0,0.0,0.0,1
10,0,14.0,2,8,4,1.7,8883108.0,1920,1080,0,0.0,1.0,2.5,256.0,0.0,0.0,0.0,1
10,5,15.6,4,16,4,2.5,29334708.0,3840,2160,0,0.0,1.0,2.8,1024.0,0.0,0.0,0.0,2
0,3,14.0,0,2,1,1.68,2934360.0,1366,768,0,0.0,1.0,1.6,0.0,0.0,0.0,32.0,1
15,4,13.3,2,16,4,0.81,14662908.0,1920,1080,0,0.0,1.0,2.7,256.0,0.0,0.0,0.0,1
7,3,15.6,2,8,4,1.86,4792788.0,1920,1080,0,0.0,1.0,,256.0,0.0,0.0,0.0,1
4,3,14.0,0,8,4,1.6,10018705.32,1366,768,0,0.0,1.0,2.5,256.0,0.0,0.0,0.0,1
7,5,17.3,5,16,4,,39026988.0,1920,1080,0,0.0,1.0,2.9,256.0,0.0,0.0,0.0,2
10,2,11.6,0,4,4,1.4,4223700.0,1366,768,1,0.0,1.0,1.6,128.0,0.0,0.0,0.0,1
7,3,15.6,2,8,4,1.84,16894800.0,1920,1080,0,0.0,1.0,2.4,256.0,0.0,0.0,0.0,1
2,3,15.6,0,4,3,2.45,5148468.0,1366,768,0,0.0,1.0,2.3,0.0,1024.0,0.0,0.0,2
10,4,14.0,2,4,4,1.7,9745632.0,1920,1080,0,0.0,1.0,2.3,1.0,0.0,0.0,0.0,1
2,3,15.6,0,4,4,2.37,7557310.8,1366,768,0,0.0,1.0,2.7,256.0,0.0,0.0,0.0,1
10,0,13.3,6,8,4,1.3,10661508.0,3200,1800,0,0.0,1.0,1.8,256.0,0.0,0.0,0.0,1
7,3,15.6,5,8,4,2.2,9772308.0,1920,1080,0,0.0,1.0,2.5,128.0,1024.0,0.0,0.0,2
7,5,15.6,2,8,4,2.59,13880412.0,1920,1080,0,0.0,1.0,2.6,256.0,0.0,0.0,0.0,2
4,1,15.6,4,16,4,4.42,25511059.08,3840,2160,0,0.0,1.0,2.8,256.0,1024.0,0.0,0.0,2
0,3,15.6,0,4,4,2.1,5326308.0,1366,768,0,0.0,1.0,2.5,256.0,0.0,0.0,0.0,1
10,1,15.6,5,8,4,2.5,9318816.0,1920,1080,0,0.0,1.0,2.8,128.0,1024.0,0.0,0.0,2
4,4,12.5,2,16,4,1.18,16530228.0,1920,1080,0,0.0,1.0,2.8,256.0,0.0,0.0,0.0,1
6,4,12.3,0,8,1,1.1,13862628.0,2400,1600,1,0.0,1.0,1.2,256.0,0.0,0.0,0.0,1
2,4,13.3,6,8,4,1.2,10039068.0,3200,1800,0,0.0,1.0,2.5,256.0,0.0,0.0,0.0,1
4,3,13.3,0,4,4,1.65,7549308.0,1366,768,0,0.0,1.0,,0.0,500.0,0.0,0.0,1
0,3,13.3,0,4,4,1.6,5824260.0,1366,768,0,0.0,1.0,2.3,128.0,0.0,0.0,0.0,1
2,3,17.3,0,4,4,2.8,4182263.28,1366,768,0,0.0,1.0,1.1,0.0,1024.0,0.0,0.0,2
4,1,15.6,4,16,4,2.72,9772308.0,3840,2160,0,0.0,1.0,2.6,128.0,1024.0,0.0,0.0,2
15,4,13.3,2,8,4,1.31,14218308.0,1920,1080,0,0.0,1.0,2.7,256.0,0.0,0.0,0.0,1
0,3,15.6,0,4,2,2.1,2649816.0,1366,768,0,0.0,1.0,1.1,0.0,1024.0,0.0,0.0,1
4,3,15.6,2,16,4,2.3,10503852.84,1920,1080,0,0.0,1.0,2.7,256.0,0.0,0.0,0.0,0
15,0,15.0,2,16,4,1.71,15996708.0,1920,1080,0,0.0,1.0,2.7,256.0,0.0,0.0,0.0,0
16,3,14.0,3,4,4,1.75,9069840.0,1366,768,0,0.0,1.0,2.3,128.0,0.0,0.0,0.0,1
4,1,15.6,2,8,4,2.62,9772308.0,1920,1080,0,0.0,1.0,2.8,0.0,1024.0,0.0,0.0,2
7,4,12.5,0,4,4,1.26,11061648.0,1366,768,0,0.0,1.0,2.3,256.0,0.0,0.0,0.0,1
2,0,15.6,2,12,4,2.3,7460388.0,1920,1080,0,0.0,1.0,2.7,0.0,2048.0,0.0,0.0,2
10,3,15.6,1,16,4,2.5,21074040.0,3840,2160,0,0.0,1.0,2.7,512.0,0.0,0.0,0.0,2
0,3,14.0,5,4,4,1.8,5655312.0,1920,1080,0,0.0,1.0,2.4,128.0,0.0,0.0,0.0,1
14,1,14.0,2,16,4,1.95,25777908.0,1920,1080,0,0.0,1.0,2.8,512.0,0.0,0.0,0.0,2
2,3,15.6,0,8,4,,5174254.8,1920,1080,0,0.0,1.0,1.1,128.0,0.0,0.0,0.0,1
4,1,17.3,5,32,4,4.42,31911609.6,1920,1080,0,0.0,1.0,2.8,1024.0,1024.0,0.0,0.0,2
2,1,17.3,5,16,4,4.3,20896200.0,1920,1080,0,0.0,1.0,2.6,256.0,1024.0,0.0,0.0,2
16,4,14.0,5,16,4,1.47,15685488.0,1920,1080,0,0.0,1.0,2.6,512.0,0.0,0.0,0.0,2
10,3,15.6,0,8,3,2.2,2925468.0,1366,768,0,0.0,1.0,1.6,0.0,1024.0,0.0,0.0,1
10,4,14.0,2,16,4,1.7,20442708.0,1920,1080,0,0.0,1.0,2.7,512.0,0.0,0.0,0.0,1
11,1,14.0,5,16,4,1.6,16814772.0,1920,1080,0,0.0,1.0,2.8,256.0,1024.0,0.0,0.0,2
11,1,15.6,2,8,4,2.2,9683388.0,1920,1080,0,0.0,1.0,2.5,128.0,1024.0,0.0,0.0,2
10,1,15.6,5,4,4,2.4,8883108.0,1920,1080,0,0.0,1.0,2.8,0.0,1024.0,0.0,0.0,2
0,1,17.3,5,16,4,4.2,20442708.0,1920,1080,0,0.0,1.0,2.8,256.0,1024.0,0.0,0.0,2
4,1,15.6,2,8,4,2.62,8758620.0,1920,1080,0,0.0,1.0,2.5,256.0,0.0,0.0,0.0,2
2,1,15.6,2,8,4,2.24,11906388.0,1920,1080,0,0.0,1.0,2.8,128.0,1024.0,0.0,0.0,2
17,3,14.0,0,4,4,1.22,1804186.8,1920,1080,0,0.0,1.0,1.1,0.0,0.0,0.0,32.0,1
10,0,13.3,5,8,4,1.37,17517240.0,1920,1080,0,0.0,1.0,2.7,512.0,0.0,0.0,0.0,1
10,0,15.6,2,8,4,2.08,8527428.0,1920,1080,0,0.0,1.0,2.5,256.0,0.0,0.0,0.0,0
1,4,12.0,7,8,5,0.92,10359180.0,2304,1440,0,0.0,1.0,1.2,0.0,0.0,0.0,512.0,1
10,0,14.0,3,8,4,1.42,20718360.0,2560,1440,0,0.0,1.0,2.5,256.0,0.0,0.0,0.0,1
2,3,14.0,0,4,4,1.63,2658708.0,1366,768,0,0.0,1.0,1.1,0.0,0.0,0.0,32.0,1
4,3,15.6,0,8,4,1.95,7202520.0,1366,768,0,0.0,1.0,2.5,128.0,0.0,0.0,0.0,1
10,0,13.9,5,8,4,1.38,11995308.0,1920,1080,0,0.0,1.0,2.7,256.0,0.0,0.0,0.0,1
4,3,15.6,2,8,4,,6571188.0,1920,1080,0,0.0,1.0,,256.0,0.0,0.0,0.0,0
7,5,15.6,2,8,4,3.14,18361090.8,1920,1080,0,0.0,1.0,2.8,256.0,0.0,0.0,0.0,2
2,3,15.6,2,8,4,2.37,9772308.0,1920,1080,0,0.0,1.0,2.5,256.0,0.0,0.0,0.0,1
4,4,13.3,2,8,4,1.29,13329108.0,1920,1080,0,0.0,1.0,2.5,256.0,0.0,0.0,0.0,1
4,3,15.6,1,8,4,2.06,15552108.0,3840,2160,0,0.0,1.0,2.5,256.0,0.0,0.0,0.0,2
4,2,11.6,0,4,4,1.63,6615648.0,1366,768,0,0.0,1.0,1.1,128.0,0.0,0.0,0.0,1
7,2,12.5,0,8,4,1.26,12350988.0,1366,768,0,1.0,0.0,2.6,256.0,0.0,0.0,0.0,1
16,3,15.6,0,4,4,2.1,6935760.0,1366,768,0,0.0,1.0,2.3,0.0,500.0,0.0,0.0,1
7,3,15.6,0,8,4,2.04,5593068.0,1366,768,0,0.0,1.0,2.5,0.0,2048.0,0.0,0.0,0
4,1,15.6,1,16,4,2.62,14929668.0,3840,2160,0,0.0,1.0,2.8,512.0,0.0,0.0,0.0,2
10,3,15.6,2,4,4,2.4,5415228.0,1920,1080,0,0.0,1.0,2.5,0.0,1024.0,0.0,0.0,2
7,1,17.3,5,12,4,3.74,15552108.0,1920,1080,0,0.0,1.0,2.8,0.0,1024.0,0.0,0.0,0
11,1,17.3,2,16,4,2.9,21474180.0,1920,1080,0,0.0,1.0,2.8,512.0,1024.0,0.0,0.0,2
15,4,13.3,2,8,4,0.81,13329108.0,1920,1080,0,0.0,1.0,2.5,256.0,0.0,0.0,0.0,1
4,3,15.6,2,8,4,1.98,8545212.0,1920,1080,0,0.0,1.0,2.7,0.0,1024.0,0.0,0.0,2
4,3,15.6,2,8,4,2.18,7022990.52,1920,1080,0,0.0,1.0,2.5,256.0,0.0,0.0,0.0,0
10,4,14.0,2,8,4,1.32,16530228.0,1920,1080,0,0.0,1.0,2.7,256.0,0.0,0.0,0.0,1
14,4,12.5,4,16,4,1.29,15996708.0,3840,2160,0,0.0,1.0,2.5,512.0,0.0,0.0,0.0,1
7,2,11.6,0,4,1,1.23,3423420.0,1366,768,0,0.0,1.0,1.6,0.0,0.0,0.0,16.0,1
4,1,17.3,5,16,4,4.36,22274637.84,1920,1080,0,0.0,1.0,2.8,128.0,1024.0,0.0,0.0,2
4,3,14.0,0,4,4,1.76,6713460.0,1366,768,0,0.0,1.0,2.3,0.0,500.0,0.0,0.0,1
10,3,15.6,0,4,4,2.1,4356190.8,1366,768,0,0.0,1.0,,0.0,500.0,0.0,0.0,1
16,4,14.0,0,4,4,1.25,9692280.0,1366,768,0,0.0,1.0,2.5,128.0,0.0,0.0,0.0,1
10,4,14.0,5,8,4,1.13,22221108.0,1920,1080,0,0.0,1.0,2.7,512.0,0.0,0.0,0.0,1
11,1,15.6,2,8,4,2.4,10661508.0,1920,1080,0,0.0,1.0,2.5,256.0,0.0,0.0,0.0,2
10,4,14.0,5,8,4,1.13,16672500.0,1920,1080,0,0.0,1.0,2.5,0.0,0.0,0.0,256.0,1
16,3,14.0,0,4,4,1.75,4437108.0,1366,768,0,0.0,1.0,2.1,128.0,0.0,0.0,0.0,1
2,0,13.3,2,8,4,1.1,12075336.0,1920,1080,1,0.0,1.0,2.5,256.0,0.0,0.0,0.0,1
4,3,14.0,0,4,4,1.76,5201820.0,1366,768,0,0.0,1.0,,0.0,500.0,0.0,0.0,1
0,2,11.6,3,4,1,1.35,3156660.0,1366,768,0,0.0,1.0,1.6,0.0,0.0,0.0,32.0,1
0,3,14.0,5,8,4,1.5,5504148.0,1920,1080,0,0.0,1.0,2.4,128.0,0.0,0.0,0.0,1
10,4,14.0,6,16,4,1.1,18664308.0,2560,1440,0,0.0,1.0,2.6,512.0,0.0,0.0,0.0,1
2,3,15.6,2,4,2,2.1,4614948.0,1920,1080,0,0.0,1.0,2.5,0.0,1024.0,0.0,0.0,2
10,3,14.0,2,8,4,1.7,10545912.0,1920,1080,0,0.0,1.0,2.3,256.0,0.0,0.0,0.0,1
10,3,14.0,5,8,4,1.32,14671800.0,1920,1080,0,0.0,1.0,2.6,256.0,0.0,0.0,0.0,1
4,1,15.6,2,16,4,3.21,24672009.96,1920,1080,0,0.0,1.0,2.8,256.0,1024.0,0.0,0.0,2
2,1,17.3,2,16,4,2.9,21509748.0,1920,1080,0,0.0,1.0,2.8,256.0,1024.0,0.0,0.0,2
16,3,15.6,0,4,4,2.0,5948748.0,1366,768,0,0.0,1.0,2.4,0.0,500.0,0.0,0.0,1
10,3,14.0,0,4,1,1.5,2889900.0,1366,768,0,0.0,1.0,1.6,0.0,0.0,0.0,16.0,1
2,3,15.6,2,8,4,2.3,5246280.0,1920,1080,0,0.0,1.0,2.5,0.0,128.0,0.0,0.0,1
2,1,17.3,2,16,4,2.73,15996708.0,1920,1080,0,0.0,1.0,2.6,512.0,1024.0,0.0,0.0,2
4,1,17.3,5,32,4,4.42,27324137.88,1920,1080,0,0.0,1.0,2.8,512.0,1024.0,0.0,0.0,2
7,3,17.3,0,8,4,2.63,8091720.0,1600,900,0,0.0,1.0,2.5,0.0,1024.0,0.0,0.0,2
4,3,15.6,0,8,4,2.18,6348799.08,1366,768,0,0.0,1.0,2.5,128.0,0.0,0.0,0.0,1
7,4,14.0,2,8,4,1.54,16628040.0,1920,1080,0,0.0,1.0,2.5,512.0,0.0,0.0,0.0,1
4,3,15.6,2,4,4,2.18,6571188.0,1920,1080,0,0.0,1.0,2.7,256.0,0.0,0.0,0.0,0
7,0,11.6,0,4,1,1.4,5468580.0,1366,768,1,0.0,1.0,1.1,0.0,0.0,0.0,32.0,1
2,4,13.3,5,8,4,1.45,9123192.0,1920,1080,0,0.0,1.0,2.3,512.0,0.0,0.0,0.0,2
7,0,13.3,2,8,4,1.28,20247084.0,1920,1080,0,0.0,1.0,2.5,256.0,0.0,0.0,0.0,1
7,4,14.0,2,8,4,1.54,13053456.0,1920,1080,0,0.0,1.0,2.5,512.0,0.0,0.0,0.0,1
7,3,15.6,0,4,3,1.86,2658708.0,1366,768,0,0.0,1.0,1.6,128.0,0.0,0.0,0.0,1
2,1,15.6,2,16,4,2.1,16885908.0,1920,1080,0,0.0,1.0,2.8,128.0,1024.0,0.0,0.0,2
4,3,17.3,2,8,2,2.83,7691580.0,1920,1080,0,0.0,1.0,2.7,0.0,1024.0,0.0,0.0,0
10,4,14.0,5,8,4,1.96,16921476.0,1920,1080,0,0.0,1.0,2.8,256.0,0.0,0.0,0.0,2
2,3,15.6,5,8,4,2.3,6998004.0,1920,1080,0,0.0,1.0,2.7,256.0,0.0,0.0,0.0,2
4,3,15.6,2,8,4,1.9,8402940.0,1920,1080,0,0.0,1.0,2.5,128.0,0.0,0.0,0.0,1
2,3,15.6,0,4,4,,3992508.0,1366,768,0,0.0,1.0,1.1,0.0,1024.0,0.0,0.0,1
7,0,13.3,2,8,4,1.28,22754628.0,1920,1080,0,0.0,1.0,2.8,256.0,0.0,0.0,0.0,1
4,3,13.3,2,8,4,1.62,5770908.0,1920,1080,0,0.0,1.0,2.3,0.0,1024.0,0.0,0.0,1
10,3,15.6,2,4,3,2.2,4170348.0,1920,1080,0,0.0,1.0,2.0,0.0,1024.0,0.0,0.0,1
10,3,15.6,5,8,4,2.3,7564068.72,1920,1080,0,0.0,1.0,2.5,0.0,1024.0,0.0,0.0,1
7,3,15.6,2,8,4,1.84,11995308.0,1920,1080,0,0.0,1.0,2.6,256.0,0.0,0.0,0.0,0
16,3,13.3,2,4,4,1.05,11426220.0,1920,1080,0,0.0,1.0,2.5,128.0,0.0,0.0,0.0,1
10,1,15.6,5,8,3,2.5,9043164.0,1920,1080,0,0.0,1.0,2.5,0.0,1024.0,0.0,0.0,2
4,4,13.3,8,16,4,1.29,19918080.0,3200,1800,0,0.0,1.0,2.5,512.0,0.0,0.0,0.0,1
7,3,15.6,2,4,4,2.07,8091720.0,1920,1080,0,0.0,1.0,2.3,0.0,500.0,0.0,0.0,1
16,4,13.3,0,8,4,1.2,9736740.0,1366,768,0,0.0,1.0,2.3,256.0,0.0,0.0,0.0,1
10,0,13.3,5,8,4,1.37,17339400.0,1920,1080,0,0.0,1.0,2.7,256.0,0.0,0.0,0.0,1
0,3,14.0,5,8,4,1.56,8020584.0,1920,1080,0,0.0,1.0,2.5,256.0,0.0,0.0,0.0,1
4,5,15.6,2,8,4,2.23,15809976.0,1920,1080,0,0.0,1.0,2.8,0.0,1024.0,0.0,0.0,2
10,3,15.6,0,4,4,2.38,9381060.0,1366,768,0,0.0,1.0,2.5,0.0,500.0,0.0,0.0,1
10,3,15.6,2,4,3,2.2,4259268.0,1920,1080,0,0.0,1.0,,0.0,1024.0,0.0,0.0,0
16,3,15.6,5,8,4,2.0,12342096.0,1920,1080,0,0.0,1.0,2.7,256.0,0.0,0.0,0.0,1
10,3,13.3,5,4,4,1.44,6535620.0,1920,1080,0,0.0,1.0,2.4,1.0,0.0,0.0,0.0,1
15,4,15.0,2,16,4,1.23,16441308.0,1920,1080,0,0.0,1.0,2.7,256.0,0.0,0.0,0.0,2
4,4,12.5,2,8,4,1.6,15027480.0,1920,1080,0,0.0,1.0,2.8,256.0,0.0,0.0,0.0,1
2,3,15.6,0,4,2,,3547819.08,1366,768,0,0.0,1.0,1.1,0.0,1024.0,0.0,0.0,1
18,4,13.3,5,8,4,1.28,8314020.0,1920,1080,0,0.0,1.0,2.3,256.0,0.0,0.0,0.0,2
4,3,15.6,2,4,4,2.18,8113950.0,1920,1080,0,0.0,1.0,2.5,128.0,1024.0,0.0,0.0,2
7,3,15.6,2,4,4,2.04,7460388.0,1920,1080,0,0.0,1.0,2.5,256.0,0.0,0.0,0.0,1
7,0,13.3,2,4,4,1.28,15116400.0,1920,1080,0,0.0,1.0,2.5,256.0,0.0,0.0,0.0,1
7,0,15.6,0,4,4,2.3,6089241.6,1366,768,1,0.0,1.0,2.5,0.0,500.0,0.0,0.0,1
2,3,14.1,0,4,4,1.65,3094416.0,1366,768,0,0.0,1.0,1.1,0.0,0.0,0.0,32.0,1
10,3,15.6,5,8,4,2.2,5948748.0,1920,1080,0,0.0,1.0,2.5,0.0,1024.0,0.0,0.0,2
4,3,15.6,0,4,4,2.2,3281148.0,1366,768,0,0.0,1.0,1.6,0.0,500.0,0.0,0.0,1
7,0,13.3,2,4,4,1.28,15996708.0,1920,1080,0,0.0,1.0,2.5,256.0,0.0,0.0,0.0,1
4,3,15.6,0,4,2,2.18,4052084.4,1366,768,0,1.0,0.0,2.0,0.0,1024.0,0.0,0.0,0
2,1,17.3,2,12,4,2.2,12181150.8,1920,1080,0,0.0,1.0,2.5,128.0,1024.0,0.0,0.0,2
0,2,11.6,3,4,1,1.25,2640924.0,1366,768,0,0.0,1.0,1.6,0.0,0.0,0.0,32.0,1
10,3,17.3,0,4,4,2.8,3370068.0,1600,900,0,0.0,1.0,2.2,0.0,500.0,0.0,0.0,0
7,3,14.0,2,4,4,1.95,11248380.0,1920,1080,0,0.0,1.0,2.5,128.0,0.0,0.0,0.0,1
7,0,13.3,8,16,4,1.42,12439908.0,3200,1800,0,0.0,1.0,2.7,256.0,0.0,0.0,0.0,1
15,4,15.0,2,8,4,1.17,15107508.0,1920,1080,0,0.0,1.0,2.7,256.0,0.0,0.0,0.0,1
10,4,14.0,5,8,4,1.32,15996708.0,1920,1080,0,0.0,1.0,2.5,256.0,0.0,0.0,0.0,1
11,1,17.3,4,16,4,2.43,23554908.0,3840,2160,0,0.0,1.0,2.6,512.0,2048.0,0.0,0.0,2
16,3,13.3,2,8,4,1.05,13115700.0,1920,1080,0,0.0,1.0,2.5,256.0,0.0,0.0,0.0,1
4,1,15.6,2,8,2,2.62,8260668.0,1920,1080,0,0.0,1.0,2.8,0.0,1024.0,0.0,0.0,2
7,3,15.6,2,8,4,2.04,8002800.0,1920,1080,0,0.0,1.0,2.7,0.0,1024.0,0.0,0.0,2
4,3,15.6,0,4,4,2.18,5459688.0,1366,768,0,0.0,1.0,2.0,0.0,1024.0,0.0,0.0,0
4,3,15.6,2,8,4,1.9,8314020.0,1920,1080,0,0.0,1.0,2.6,0.0,500.0,0.0,0.0,1
4,0,13.3,8,8,4,1.24,17900485.2,3200,1800,0,0.0,1.0,1.3,512.0,0.0,0.0,0.0,1
2,1,17.3,5,32,4,3.58,11372868.0,1920,1080,0,0.0,1.0,2.7,512.0,0.0,0.0,0.0,2
4,0,13.3,2,16,4,1.22,14662908.0,1920,1080,0,0.0,1.0,1.3,256.0,0.0,0.0,0.0,1
10,4,14.0,5,8,4,1.13,18219708.0,1920,1080,0,0.0,1.0,2.7,0.0,0.0,0.0,256.0,1
10,3,15.6,5,8,4,1.95,17454907.08,1920,1080,0,0.0,1.0,2.5,512.0,0.0,0.0,0.0,1
9,4,15.6,5,16,4,1.08,18664308.0,1920,1080,0,0.0,1.0,2.7,512.0,0.0,0.0,0.0,1
7,2,12.5,2,8,4,1.26,13186836.0,1920,1080,0,0.0,1.0,2.7,512.0,0.0,0.0,0.0,1
0,3,15.6,5,4,1,2.2,3192228.0,1920,1080,0,0.0,1.0,1.5,0.0,0.0,0.0,16.0,1
10,3,15.6,5,8,4,2.6,7015788.0,1920,1080,0,0.0,1.0,2.3,128.0,1024.0,0.0,0.0,2
9,4,14.0,5,8,4,0.98,16885908.0,1920,1080,0,0.0,1.0,2.7,512.0,0.0,0.0,0.0,1
4,3,14.0,2,8,4,1.6,10714860.0,1920,1080,0,0.0,1.0,2.8,256.0,0.0,0.0,0.0,1
7,4,12.5,1,8,4,1.09,27565200.0,3840,2160,0,0.0,1.0,1.2,240.0,0.0,0.0,0.0,1
10,3,15.6,2,6,4,2.2,7015788.0,1920,1080,0,0.0,1.0,2.7,256.0,0.0,0.0,0.0,2
7,3,15.6,2,8,4,2.04,9060859.08,1920,1080,0,0.0,1.0,2.7,256.0,0.0,0.0,0.0,2
0,3,15.6,2,4,4,2.4,4437108.0,1920,1080,0,0.0,1.0,2.4,0.0,1024.0,0.0,0.0,1
10,3,13.3,2,4,4,1.44,7833852.0,1920,1080,0,0.0,1.0,2.5,128.0,0.0,0.0,0.0,1
7,3,13.3,2,8,4,1.49,8536320.0,1920,1080,0,0.0,1.0,2.5,256.0,0.0,0.0,0.0,1
11,1,17.3,2,16,4,2.7,14218308.0,1920,1080,0,0.0,1.0,2.8,256.0,1024.0,0.0,0.0,2
4,1,15.6,2,16,4,2.6,11995308.0,1920,1080,0,0.0,1.0,2.8,128.0,1024.0,0.0,0.0,2
11,1,15.6,2,8,4,2.2,9958239.72,1920,1080,0,0.0,1.0,2.5,128.0,1024.0,0.0,0.0,2
4,3,15.6,0,4,4,2.18,6090931.08,1366,768,0,0.0,1.0,2.5,0.0,1024.0,0.0,0.0,0
7,4,15.6,2,8,4,1.84,11532835.08,1920,1080,0,0.0,1.0,2.5,256.0,0.0,0.0,0.0,0
7,4,13.3,8,8,4,1.39,10216908.0,3200,1800,0,0.0,1.0,2.7,256.0,0.0,0.0,0.0,1
16,3,15.6,5,16,4,2.4,17561700.0,1920,1080,0,0.0,1.0,2.6,256.0,0.0,0.0,0.0,2
10,0,13.3,5,8,4,1.37,16227900.0,1920,1080,0,0.0,1.0,2.5,512.0,0.0,0.0,0.0,1
4,3,15.6,0,4,4,1.95,6490270.8,1366,768,0,0.0,1.0,2.3,0.0,500.0,0.0,0.0,1
10,4,12.5,5,8,4,1.36,14671800.0,1920,1080,0,0.0,1.0,2.7,256.0,0.0,0.0,0.0,1
7,3,15.6,2,8,4,2.31,10359180.0,1920,1080,0,0.0,1.0,2.3,256.0,0.0,0.0,0.0,1
4,3,15.6,0,4,4,2.18,6296069.52,1366,768,0,0.0,1.0,2.5,0.0,1024.0,0.0,0.0,1
7,3,14.0,0,4,4,1.95,10216908.0,1366,768,0,0.0,1.0,2.3,0.0,500.0,0.0,0.0,1
10,3,15.6,0,4,4,2.2,2747628.0,1366,768,0,0.0,1.0,1.1,0.0,1024.0,0.0,0.0,1
7,4,12.5,2,4,4,1.26,14040468.0,1920,1080,0,0.0,1.0,2.3,0.0,500.0,0.0,0.0,1
7,3,15.6,0,4,3,1.86,2568898.8,1366,768,0,0.0,1.0,1.6,0.0,1024.0,0.0,0.0,1
10,0,13.3,6,16,4,1.3,15996708.0,3200,1800,0,0.0,1.0,2.2,1024.0,0.0,0.0,0.0,1
16,3,14.0,5,4,4,1.47,9825660.0,1920,1080,0,0.0,1.0,2.3,128.0,0.0,0.0,0.0,1
7,2,12.5,2,8,4,1.26,14840748.0,1920,1080,0,0.0,1.0,2.3,256.0,0.0,0.0,0.0,1
4,3,15.6,0,4,4,2.18,4967071.2,1366,768,0,0.0,1.0,2.0,0.0,1024.0,0.0,0.0,1
11,1,15.6,2,8,4,2.2,10661508.0,1920,1080,0,0.0,1.0,2.8,128.0,1024.0,0.0,0.0,2
4,4,14.0,2,8,4,1.36,14573988.0,1920,1080,0,0.0,1.0,2.5,256.0,0.0,0.0,0.0,1
4,1,17.3,0,16,4,4.36,24524136.0,2560,1440,0,0.0,1.0,2.7,512.0,1024.0,0.0,0.0,2
7,1,17.3,5,8,4,2.75,12439908.0,1920,1080,0,0.0,1.0,2.3,128.0,1024.0,0.0,0.0,2
2,3,17.3,0,4,4,2.8,4712760.0,1600,900,0,0.0,1.0,1.6,0.0,1024.0,0.0,0.0,2
0,3,15.6,0,4,4,2.23,5504148.0,1366,768,0,1.0,0.0,2.5,0.0,500.0,0.0,0.0,1
16,3,15.6,0,8,4,2.2,9950148.0,1366,768,0,0.0,1.0,2.3,256.0,0.0,0.0,0.0,1
10,0,11.3,5,8,4,1.1,11550708.0,1920,1080,0,0.0,1.0,1.2,256.0,0.0,0.0,0.0,1
10,1,15.6,5,16,4,2.5,8883108.0,1920,1080,0,0.0,1.0,2.1,512.0,1024.0,0.0,0.0,0
4,4,12.5,2,8,4,1.36,13090802.4,1920,1080,0,0.0,1.0,2.5,256.0,0.0,0.0,0.0,1
10,3,15.6,2,8,3,2.2,6091020.0,1920,1080,0,0.0,1.0,2.7,0.0,1024.0,0.0,0.0,2
4,3,17.3,0,4,4,2.36,5859828.0,1600,900,0,0.0,1.0,2.0,0.0,1024.0,0.0,0.0,0
0,3,14.0,0,4,1,1.68,3103308.0,1366,768,0,0.0,1.0,1.6,0.0,0.0,0.0,32.0,1
7,5,15.6,5,8,4,2.0,19998108.0,1920,1080,0,0.0,1.0,2.7,8.0,0.0,0.0,0.0,2
4,4,14.0,2,8,4,1.36,15783300.0,1920,1080,0,0.0,1.0,2.8,256.0,0.0,0.0,0.0,1
16,3,13.3,2,8,4,1.2,12982320.0,1920,1080,0,0.0,1.0,2.3,256.0,0.0,0.0,0.0,1
2,0,12.5,2,8,1,1.2,10305828.0,1920,1080,0,0.0,1.0,1.2,0.0,0.0,0.0,64.0,1
10,4,14.0,5,8,4,1.7,13240099.08,1920,1080,0,0.0,1.0,2.6,256.0,0.0,0.0,0.0,1
4,1,17.3,4,16,4,4.36,28045368.0,3840,2160,0,0.0,1.0,2.8,512.0,1024.0,0.0,0.0,2
4,0,13.3,2,8,4,1.24,16885908.0,1920,1080,0,0.0,1.0,1.2,256.0,0.0,0.0,0.0,1
7,0,11.6,0,4,4,1.45,6891300.0,1366,768,1,0.0,1.0,1.1,256.0,0.0,0.0,0.0,1
4,4,13.3,8,8,4,1.3,11275056.0,3200,1800,0,0.0,1.0,2.5,256.0,0.0,0.0,0.0,1
0,0,11.6,3,4,1,1.25,3458988.0,1366,768,0,0.0,1.0,1.6,0.0,0.0,0.0,32.0,1
16,3,13.3,2,8,4,1.2,13649220.0,1920,1080,0,0.0,1.0,2.4,256.0,0.0,0.0,0.0,1
10,4,12.5,5,8,4,1.36,15649920.0,1920,1080,0,0.0,1.0,2.6,256.0,0.0,0.0,0.0,1
0,3,15.6,2,12,4,2.4,8972028.0,1920,1080,0,0.0,1.0,2.5,128.0,1024.0,0.0,0.0,2
16,4,12.5,2,8,4,1.1,15916680.0,1920,1080,0,0.0,1.0,2.7,512.0,0.0,0.0,0.0,1
7,3,15.6,0,8,4,2.04,7527078.0,1366,768,0,0.0,1.0,2.5,0.0,1024.0,0.0,0.0,2
4,3,15.6,0,4,2,2.25,4140293.04,1366,768,0,0.0,1.0,2.0,0.0,1024.0,0.0,0.0,0
4,3,15.6,0,4,4,1.9,7335900.0,1366,768,0,0.0,1.0,2.5,0.0,500.0,0.0,0.0,1
7,3,15.6,2,4,4,2.04,6091020.0,1920,1080,0,0.0,1.0,2.4,0.0,500.0,0.0,0.0,1
4,1,17.3,5,32,4,4.42,28000908.0,1920,1080,0,0.0,1.0,2.8,256.0,1024.0,0.0,0.0,2
10,3,15.6,2,6,4,2.4,6179940.0,1920,1080,0,0.0,1.0,2.5,256.0,0.0,0.0,0.0,2
4,0,13.3,8,16,4,1.22,16885908.0,3200,1800,0,0.0,1.0,1.3,512.0,0.0,0.0,0.0,1
4,4,14.0,0,8,4,1.5,17454818.16,2560,1440,1,0.0,1.0,2.6,256.0,0.0,0.0,0.0,1
4,1,17.3,2,32,4,4.42,24897600.0,1920,1080,0,0.0,1.0,2.6,256.0,1024.0,0.0,0.0,2
16,3,14.0,2,8,4,1.95,10492560.0,1920,1080,0,0.0,1.0,2.3,256.0,0.0,0.0,0.0,1
2,1,17.3,2,16,4,2.73,18227710.8,1920,1080,0,,,2.8,256.0,1024.0,0.0,0.0,2
7,3,15.6,5,8,4,2.04,8705268.0,1920,1080,0,,,2.7,128.0,1024.0,0.0,0.0,2
10,3,14.0,0,4,4,1.7,8909784.0,1366,768,0,,,2.3,0.0,0.0,508.0,0.0,1
